,langname,glottocode,word,count,id,year,simple_elaboration,regression_elaboration,dictsize_data,countryname,bila_language_name_mapping,response_mean,response_std,dictionary_count_mean
0,Afrikaans,afri1274,admiration,6.0,mdp.39015054154474,1999.0,2.8170072115384617e-05,-3.291631743964164,212992.0,South Africa,Afrikaans,2.9464285714285716,1.7129043125759196,27.87853403141361
1,Afrikaans,afri1274,anger,55.0,mdp.39015054154474,1999.0,0.0002582256610576,-6.74114677059297,212992.0,South Africa,Afrikaans,2.7857142857142856,1.803043330307193,27.87853403141361
2,Afrikaans,afri1274,anxiety,30.0,mdp.39015054154474,1999.0,0.0001408503605769,-2.655448970454322,212992.0,South Africa,Afrikaans,3.5357142857142856,1.765171412591456,27.87853403141361
3,Afrikaans,afri1274,boredom,5.0,mdp.39015054154474,1999.0,2.3475060096153847e-05,-1.1763124133489875,212992.0,South Africa,Afrikaans,2.2410714285714284,1.8899713316586668,27.87853403141361
4,Afrikaans,afri1274,compassion,15.0,mdp.39015054154474,1999.0,7.042518028846153e-05,-2.918471665684296,212992.0,South Africa,Afrikaans,4.196428571428571,1.5057803682391788,27.87853403141361
5,Afrikaans,afri1274,confusion,44.0,mdp.39015054154474,1999.0,0.0002065805288461,-3.4282333673036867,212992.0,South Africa,Afrikaans,3.0267857142857144,1.9930501837006098,27.87853403141361
6,Afrikaans,afri1274,determination,20.0,mdp.39015054154474,1999.0,9.39002403846154e-05,-1.0696966560490606,212992.0,South Africa,Afrikaans,3.6964285714285716,1.5702142260127174,27.87853403141361
7,Afrikaans,afri1274,disgust,14.0,mdp.39015054154474,1999.0,6.573016826923077e-05,-3.33065666176297,212992.0,South Africa,Afrikaans,2.580357142857143,1.819010684767924,27.87853403141361
8,Afrikaans,afri1274,fear,120.0,mdp.39015054154474,1999.0,0.0005634014423076,-4.503630816376931,212992.0,South Africa,Afrikaans,2.8839285714285716,1.9113013146996776,27.87853403141361
9,Afrikaans,afri1274,frustration,4.0,mdp.39015054154474,1999.0,1.878004807692308e-05,-1.4792337659791517,212992.0,South Africa,Afrikaans,3.9910714285714284,1.5796882787167401,27.87853403141361
10,Afrikaans,afri1274,gratitude,7.0,mdp.39015054154474,1999.0,3.286508413461538e-05,-3.1149528000775364,212992.0,South Africa,Afrikaans,4.946428571428571,1.2722915816454454,27.87853403141361
11,Afrikaans,afri1274,hope,34.0,mdp.39015054154474,1999.0,0.0001596304086538,1.421988439434709,212992.0,South Africa,Afrikaans,3.9464285714285716,1.5354037278398822,27.87853403141361
12,Afrikaans,afri1274,loneliness,5.0,mdp.39015054154474,1999.0,2.3475060096153847e-05,-1.6531190049194535,212992.0,South Africa,Afrikaans,2.2767857142857144,1.9964374641502172,27.87853403141361
13,Afrikaans,afri1274,love,278.0,mdp.39015054154474,1999.0,0.0013052133413461,1.015226415963199,212992.0,South Africa,Afrikaans,4.517857142857143,1.3948563351199275,27.87853403141361
14,Afrikaans,afri1274,pleasure,108.0,mdp.39015054154474,1999.0,0.0005070612980769,-2.312933646330637,212992.0,South Africa,Afrikaans,3.6875,1.6053472022088058,27.87853403141361
15,Afrikaans,afri1274,regret,39.0,mdp.39015054154474,1999.0,0.00018310546875,-1.0786784049318558,212992.0,South Africa,Afrikaans,2.0982142857142856,1.8886089138155706,27.87853403141361
16,Afrikaans,afri1274,relief,80.0,mdp.39015054154474,1999.0,0.0003756009615384,5.233310083754237,212992.0,South Africa,Afrikaans,2.5267857142857144,1.5651602193470517,27.87853403141361
17,Afrikaans,afri1274,sadness,9.0,mdp.39015054154474,1999.0,4.225510817307692e-05,-2.7183527596651405,212992.0,South Africa,Afrikaans,3.1607142857142856,1.8722899763310588,27.87853403141361
18,Arabic,stan1318,admiration,4.0,mdp.39015043036436,1999.0,5.503804504863987e-05,-1.2831893972974948,72677.0,Egypt,Arabic,2.5474722564734895,1.8865745030904097,10.594314868804664
19,Arabic,stan1318,anger,49.0,mdp.39015043036436,1999.0,0.0006742160518458,-0.0522233175751321,72677.0,Egypt,Arabic,4.067817509247842,1.7424511035140955,10.594314868804664
20,Arabic,stan1318,anxiety,22.0,mdp.39015043036436,1999.0,0.0003027092477675,1.10833300610831,72677.0,Egypt,Arabic,4.100985221674877,1.7122605719104746,10.594314868804664
21,Arabic,stan1318,boredom,5.0,mdp.39015043036436,1999.0,6.879755631079983e-05,1.2881247795097617,72677.0,Egypt,Arabic,4.683886838868388,1.6931326511442935,10.594314868804664
22,Arabic,stan1318,compassion,20.0,mdp.39015043036436,1999.0,0.0002751902252431,2.51272189538305,72677.0,Egypt,Arabic,4.1730061349693255,1.7108578444290399,10.594314868804664
23,Arabic,stan1318,confusion,32.0,mdp.39015043036436,1999.0,0.0004403043603891,1.0648251815734058,72677.0,Egypt,Arabic,3.21840490797546,1.9423901555655072,10.594314868804664
24,Arabic,stan1318,determination,20.0,mdp.39015043036436,1999.0,0.0002751902252431,3.539640882018792,72677.0,Egypt,Arabic,3.161090458488228,1.72884528094759,10.594314868804664
25,Arabic,stan1318,disgust,28.0,mdp.39015043036436,1999.0,0.0003852663153404,4.333984887677935,72677.0,Egypt,Arabic,3.1037037037037036,2.0576634440693145,10.594314868804664
26,Arabic,stan1318,fear,57.0,mdp.39015043036436,1999.0,0.0007842921419431,-1.0504244611150506,72677.0,Egypt,Arabic,3.55679012345679,1.9536937392032474,10.594314868804664
27,Arabic,stan1318,frustration,16.0,mdp.39015043036436,1999.0,0.0002201521801945,6.448570702087284,72677.0,Egypt,Arabic,3.4194341943419433,2.007980671963027,10.594314868804664
28,Arabic,stan1318,gratitude,4.0,mdp.39015043036436,1999.0,5.503804504863987e-05,-1.262454966390398,72677.0,Egypt,Arabic,3.787207872078721,1.7092140049209041,10.594314868804664
29,Arabic,stan1318,hope,15.0,mdp.39015043036436,1999.0,0.0002063926689323,1.859209841052315,72677.0,Egypt,Arabic,3.7758620689655173,1.7833338929656193,10.594314868804664
30,Arabic,stan1318,loneliness,6.0,mdp.39015043036436,1999.0,8.25570675729598e-05,1.284147389296647,72677.0,Egypt,Arabic,3.6862745098039214,2.14094935495981,10.594314868804664
31,Arabic,stan1318,love,134.0,mdp.39015043036436,1999.0,0.0018437745091294,3.972934921422914,72677.0,Egypt,Arabic,3.3551171393341552,2.1290832270007676,10.594314868804664
32,Arabic,stan1318,pleasure,43.0,mdp.39015043036436,1999.0,0.0005916589842728,-0.8077420021127208,72677.0,Egypt,Arabic,3.78992628992629,1.7320782885055093,10.594314868804664
33,Arabic,stan1318,regret,15.0,mdp.39015043036436,1999.0,0.0002063926689323,-0.3196464479457065,72677.0,Egypt,Arabic,2.710591133004926,2.1292945047273513,10.594314868804664
34,Arabic,stan1318,relief,42.0,mdp.39015043036436,1999.0,0.0005778994730107,6.266346975030226,72677.0,Egypt,Arabic,2.904176904176904,1.6377037439421884,10.594314868804664
35,Arabic,stan1318,sadness,11.0,mdp.39015043036436,1999.0,0.0001513546238837,1.1396796424213331,72677.0,Egypt,Arabic,4.047970479704797,1.806232079288437,10.594314868804664
36,Arabic,stan1318,admiration,4.0,mdp.39015043036436,1999.0,5.503804504863987e-05,-1.2831893972974948,72677.0,Jordan,Arabic,3.1082251082251084,1.9652352135961082,10.594314868804664
37,Arabic,stan1318,anger,49.0,mdp.39015043036436,1999.0,0.0006742160518458,-0.0522233175751321,72677.0,Jordan,Arabic,3.5344827586206895,1.9246904939592087,10.594314868804664
38,Arabic,stan1318,anxiety,22.0,mdp.39015043036436,1999.0,0.0003027092477675,1.10833300610831,72677.0,Jordan,Arabic,3.6331877729257642,1.9230683780137692,10.594314868804664
39,Arabic,stan1318,boredom,5.0,mdp.39015043036436,1999.0,6.879755631079983e-05,1.2881247795097617,72677.0,Jordan,Arabic,4.3464912280701755,1.8172293295140443,10.594314868804664
40,Arabic,stan1318,compassion,20.0,mdp.39015043036436,1999.0,0.0002751902252431,2.51272189538305,72677.0,Jordan,Arabic,4.359307359307359,1.7184136885859345,10.594314868804664
41,Arabic,stan1318,confusion,32.0,mdp.39015043036436,1999.0,0.0004403043603891,1.0648251815734058,72677.0,Jordan,Arabic,2.834061135371179,1.9282006009877657,10.594314868804664
42,Arabic,stan1318,determination,20.0,mdp.39015043036436,1999.0,0.0002751902252431,3.539640882018792,72677.0,Jordan,Arabic,3.754385964912281,1.8468279914790433,10.594314868804664
43,Arabic,stan1318,disgust,28.0,mdp.39015043036436,1999.0,0.0003852663153404,4.333984887677935,72677.0,Jordan,Arabic,2.643776824034335,2.202500025827674,10.594314868804664
44,Arabic,stan1318,fear,57.0,mdp.39015043036436,1999.0,0.0007842921419431,-1.0504244611150506,72677.0,Jordan,Arabic,2.711206896551724,2.0125696590014424,10.594314868804664
45,Arabic,stan1318,frustration,16.0,mdp.39015043036436,1999.0,0.0002201521801945,6.448570702087284,72677.0,Jordan,Arabic,3.1163793103448274,2.0763122472647306,10.594314868804664
46,Arabic,stan1318,gratitude,4.0,mdp.39015043036436,1999.0,5.503804504863987e-05,-1.262454966390398,72677.0,Jordan,Arabic,3.9783549783549783,1.75807673435413,10.594314868804664
47,Arabic,stan1318,hope,15.0,mdp.39015043036436,1999.0,0.0002063926689323,1.859209841052315,72677.0,Jordan,Arabic,4.394849785407725,1.7710237392810224,10.594314868804664
48,Arabic,stan1318,loneliness,6.0,mdp.39015043036436,1999.0,8.25570675729598e-05,1.284147389296647,72677.0,Jordan,Arabic,3.3043478260869565,2.1562295777643485,10.594314868804664
49,Arabic,stan1318,love,134.0,mdp.39015043036436,1999.0,0.0018437745091294,3.972934921422914,72677.0,Jordan,Arabic,3.6363636363636362,2.1381163443499243,10.594314868804664
50,Arabic,stan1318,pleasure,43.0,mdp.39015043036436,1999.0,0.0005916589842728,-0.8077420021127208,72677.0,Jordan,Arabic,3.7835497835497836,1.8987152282959645,10.594314868804664
51,Arabic,stan1318,regret,15.0,mdp.39015043036436,1999.0,0.0002063926689323,-0.3196464479457065,72677.0,Jordan,Arabic,2.515151515151515,2.21820233688862,10.594314868804664
52,Arabic,stan1318,relief,42.0,mdp.39015043036436,1999.0,0.0005778994730107,6.266346975030226,72677.0,Jordan,Arabic,3.2158590308370045,1.86540809965805,10.594314868804664
53,Arabic,stan1318,sadness,11.0,mdp.39015043036436,1999.0,0.0001513546238837,1.1396796424213331,72677.0,Jordan,Arabic,3.7,1.9178545145199688,10.594314868804664
54,Arabic,stan1318,admiration,4.0,mdp.39015043036436,1999.0,5.503804504863987e-05,-1.2831893972974948,72677.0,Syria,Arabic,1.8493723849372385,1.9964016009669616,10.594314868804664
55,Arabic,stan1318,anger,49.0,mdp.39015043036436,1999.0,0.0006742160518458,-0.0522233175751321,72677.0,Syria,Arabic,2.9214876033057853,2.086817212074207,10.594314868804664
56,Arabic,stan1318,anxiety,22.0,mdp.39015043036436,1999.0,0.0003027092477675,1.10833300610831,72677.0,Syria,Arabic,3.3443983402489628,2.0820812281618366,10.594314868804664
57,Arabic,stan1318,boredom,5.0,mdp.39015043036436,1999.0,6.879755631079983e-05,1.2881247795097617,72677.0,Syria,Arabic,3.3621399176954734,2.2213573462369767,10.594314868804664
58,Arabic,stan1318,compassion,20.0,mdp.39015043036436,1999.0,0.0002751902252431,2.51272189538305,72677.0,Syria,Arabic,3.8785425101214575,1.9215892339834633,10.594314868804664
59,Arabic,stan1318,confusion,32.0,mdp.39015043036436,1999.0,0.0004403043603891,1.0648251815734058,72677.0,Syria,Arabic,2.1198347107438016,1.9233494226509498,10.594314868804664
60,Arabic,stan1318,determination,20.0,mdp.39015043036436,1999.0,0.0002751902252431,3.539640882018792,72677.0,Syria,Arabic,2.888888888888889,2.1685200803411924,10.594314868804664
61,Arabic,stan1318,disgust,28.0,mdp.39015043036436,1999.0,0.0003852663153404,4.333984887677935,72677.0,Syria,Arabic,1.7008196721311475,1.8912401880325833,10.594314868804664
62,Arabic,stan1318,fear,57.0,mdp.39015043036436,1999.0,0.0007842921419431,-1.0504244611150506,72677.0,Syria,Arabic,2.122448979591837,2.0125900149019342,10.594314868804664
63,Arabic,stan1318,frustration,16.0,mdp.39015043036436,1999.0,0.0002201521801945,6.448570702087284,72677.0,Syria,Arabic,2.2757201646090537,2.1421842843568397,10.594314868804664
64,Arabic,stan1318,gratitude,4.0,mdp.39015043036436,1999.0,5.503804504863987e-05,-1.262454966390398,72677.0,Syria,Arabic,3.5578512396694215,2.132236356080976,10.594314868804664
65,Arabic,stan1318,hope,15.0,mdp.39015043036436,1999.0,0.0002063926689323,1.859209841052315,72677.0,Syria,Arabic,3.4631147540983607,2.2486100258839232,10.594314868804664
66,Arabic,stan1318,loneliness,6.0,mdp.39015043036436,1999.0,8.25570675729598e-05,1.284147389296647,72677.0,Syria,Arabic,2.325102880658436,2.281181432732008,10.594314868804664
67,Arabic,stan1318,love,134.0,mdp.39015043036436,1999.0,0.0018437745091294,3.972934921422914,72677.0,Syria,Arabic,3.5791666666666666,2.1806450173678593,10.594314868804664
68,Arabic,stan1318,pleasure,43.0,mdp.39015043036436,1999.0,0.0005916589842728,-0.8077420021127208,72677.0,Syria,Arabic,3.337448559670782,2.039211906298421,10.594314868804664
69,Arabic,stan1318,regret,15.0,mdp.39015043036436,1999.0,0.0002063926689323,-0.3196464479457065,72677.0,Syria,Arabic,1.6363636363636365,1.9559463543458548,10.594314868804664
70,Arabic,stan1318,relief,42.0,mdp.39015043036436,1999.0,0.0005778994730107,6.266346975030226,72677.0,Syria,Arabic,2.796747967479675,1.9813800574697202,10.594314868804664
71,Arabic,stan1318,sadness,11.0,mdp.39015043036436,1999.0,0.0001513546238837,1.1396796424213331,72677.0,Syria,Arabic,2.7991803278688523,2.2009723216714194,10.594314868804664
72,Brazilian Portuguese,braz1246,admiration,0.0,txu.059173018640743,1983.0,0.0,0.0,0.0,Brazil,Brazilian Portuguese,3.540983606557377,1.745047225380826,7.5910351201478745
73,Brazilian Portuguese,braz1246,anger,7.0,txu.059173018640743,1983.0,0.0004261277165641,-1.8242332992399355,16427.0,Brazil,Brazilian Portuguese,2.8529411764705883,1.9689244404664574,7.5910351201478745
74,Brazilian Portuguese,braz1246,anxiety,0.0,txu.059173018640743,1983.0,0.0,0.0,0.0,Brazil,Brazilian Portuguese,4.3202614379084965,1.6382861687661239,7.5910351201478745
75,Brazilian Portuguese,braz1246,boredom,0.0,txu.059173018640743,1983.0,0.0,0.0,0.0,Brazil,Brazilian Portuguese,3.091803278688525,2.046683379497246,7.5910351201478745
76,Brazilian Portuguese,braz1246,compassion,0.0,txu.059173018640743,1983.0,0.0,0.0,0.0,Brazil,Brazilian Portuguese,4.633986928104576,1.3194714987047427,7.5910351201478745
77,Brazilian Portuguese,braz1246,confusion,3.0,txu.059173018640743,1983.0,0.0001826261642417,-1.459311927504927,16427.0,Brazil,Brazilian Portuguese,2.7320261437908497,2.030929807078884,7.5910351201478745
78,Brazilian Portuguese,braz1246,determination,1.0,txu.059173018640743,1983.0,6.087538808059901e-05,-0.5413791437319722,16427.0,Brazil,Brazilian Portuguese,3.7254901960784315,1.5939858037405847,7.5910351201478745
79,Brazilian Portuguese,braz1246,disgust,0.0,txu.059173018640743,1983.0,0.0,0.0,0.0,Brazil,Brazilian Portuguese,1.498360655737705,1.8480512320662743,7.5910351201478745
80,Brazilian Portuguese,braz1246,fear,3.0,txu.059173018640743,1983.0,0.0001826261642417,-3.2348607864137864,16427.0,Brazil,Brazilian Portuguese,3.60327868852459,1.7574996456085172,7.5910351201478745
81,Brazilian Portuguese,braz1246,frustration,0.0,txu.059173018640743,1983.0,0.0,0.0,0.0,Brazil,Brazilian Portuguese,3.4379084967320264,1.9412014713201295,7.5910351201478745
82,Brazilian Portuguese,braz1246,gratitude,1.0,txu.059173018640743,1983.0,6.087538808059901e-05,-0.4043131721442167,16427.0,Brazil,Brazilian Portuguese,4.380327868852459,1.6362283805144797,7.5910351201478745
83,Brazilian Portuguese,braz1246,hope,0.0,txu.059173018640743,1983.0,0.0,0.0,0.0,Brazil,Brazilian Portuguese,3.816993464052288,1.6213247305596596,7.5910351201478745
84,Brazilian Portuguese,braz1246,loneliness,0.0,txu.059173018640743,1983.0,0.0,0.0,0.0,Brazil,Brazilian Portuguese,2.518032786885246,2.0696354399228483,7.5910351201478745
85,Brazilian Portuguese,braz1246,love,56.0,txu.059173018640743,1983.0,0.0034090217325135,5.096570658245218,16427.0,Brazil,Brazilian Portuguese,4.483660130718954,1.489216210016437,7.5910351201478745
86,Brazilian Portuguese,braz1246,pleasure,0.0,txu.059173018640743,1983.0,0.0,0.0,0.0,Brazil,Brazilian Portuguese,3.8491803278688526,1.6927304856296983,7.5910351201478745
87,Brazilian Portuguese,braz1246,regret,2.0,txu.059173018640743,1983.0,0.0001217507761611,-0.9678512486007332,16427.0,Brazil,Brazilian Portuguese,1.9344262295081966,1.8819507346715545,7.5910351201478745
88,Brazilian Portuguese,braz1246,relief,0.0,txu.059173018640743,1983.0,0.0,0.0,0.0,Brazil,Brazilian Portuguese,2.273026315789474,1.681130783781108,7.5910351201478745
89,Brazilian Portuguese,braz1246,sadness,2.0,txu.059173018640743,1983.0,0.0001217507761611,0.239157529718905,16427.0,Brazil,Brazilian Portuguese,3.321311475409836,1.833991436774974,7.5910351201478745
90,Bulgarian,bulg1262,admiration,8.0,mdp.39015058560494,1914.0,0.0001312529737001,0.5094959888308231,60951.0,Bulgaria,Bulgarian,2.4981412639405205,1.980548196604798,11.152973467520585
91,Bulgarian,bulg1262,anger,33.0,mdp.39015058560494,1914.0,0.0005414185165132,-1.3810062073828195,60951.0,Bulgaria,Bulgarian,3.2156133828996283,2.0601898403612453,11.152973467520585
92,Bulgarian,bulg1262,anxiety,29.0,mdp.39015058560494,1914.0,0.0004757920296631,3.5741726438269663,60951.0,Bulgaria,Bulgarian,3.2686567164179103,1.8366399018060215,11.152973467520585
93,Bulgarian,bulg1262,boredom,0.0,mdp.39015058560494,1914.0,0.0,0.0,0.0,Bulgaria,Bulgarian,2.5186567164179103,2.2174881328978366,11.152973467520585
94,Bulgarian,bulg1262,compassion,23.0,mdp.39015058560494,1914.0,0.000377352299388,4.103389373801116,60951.0,Bulgaria,Bulgarian,4.313432835820896,1.5907876665244984,11.152973467520585
95,Bulgarian,bulg1262,confusion,27.0,mdp.39015058560494,1914.0,0.0004429787862381,0.9380179814316768,60951.0,Bulgaria,Bulgarian,2.554307116104869,2.093637467465352,11.152973467520585
96,Bulgarian,bulg1262,determination,12.0,mdp.39015058560494,1914.0,0.0001968794605502,1.6213038575773242,60951.0,Bulgaria,Bulgarian,3.5650557620817844,1.6841131287597872,11.152973467520585
97,Bulgarian,bulg1262,disgust,15.0,mdp.39015058560494,1914.0,0.0002460993256878,1.4683202663870982,60951.0,Bulgaria,Bulgarian,1.687732342007435,2.020205321256278,11.152973467520585
98,Bulgarian,bulg1262,fear,71.0,mdp.39015058560494,1914.0,0.0011648701415891,1.9889175930173508,60951.0,Bulgaria,Bulgarian,2.5613382899628254,1.9549381772639078,11.152973467520585
99,Bulgarian,bulg1262,frustration,2.0,mdp.39015058560494,1914.0,3.281324342504635e-05,-0.0166701240454798,60951.0,Bulgaria,Bulgarian,3.029739776951673,2.089206520967991,11.152973467520585
100,Bulgarian,bulg1262,gratitude,5.0,mdp.39015058560494,1914.0,8.203310856261587e-05,-0.5540003910443747,60951.0,Bulgaria,Bulgarian,3.9888475836431225,1.8955629089027732,11.152973467520585
101,Bulgarian,bulg1262,hope,7.0,mdp.39015058560494,1914.0,0.0001148463519876,-0.2027475328385545,60951.0,Bulgaria,Bulgarian,3.712686567164179,1.7469897766355333,11.152973467520585
102,Bulgarian,bulg1262,loneliness,1.0,mdp.39015058560494,1914.0,1.6406621712523174e-05,-0.8634987682953283,60951.0,Bulgaria,Bulgarian,2.3345724907063197,2.154385042149484,11.152973467520585
103,Bulgarian,bulg1262,love,137.0,mdp.39015058560494,1914.0,0.0022477071746156,6.108837351783586,60951.0,Bulgaria,Bulgarian,4.227611940298507,1.7278460445637436,11.152973467520585
104,Bulgarian,bulg1262,pleasure,42.0,mdp.39015058560494,1914.0,0.0006890781119259,0.074700208644713,60951.0,Bulgaria,Bulgarian,3.917910447761194,1.8745226906583594,11.152973467520585
105,Bulgarian,bulg1262,regret,14.0,mdp.39015058560494,1914.0,0.0002296927039753,0.0452767966413661,60951.0,Bulgaria,Bulgarian,2.9291044776119404,2.0090180442574823,11.152973467520585
106,Bulgarian,bulg1262,relief,22.0,mdp.39015058560494,1914.0,0.0003609456776755,2.336668455749645,60951.0,Bulgaria,Bulgarian,2.16044776119403,1.680579472771843,11.152973467520585
107,Bulgarian,bulg1262,sadness,7.0,mdp.39015058560494,1914.0,0.0001148463519876,0.2261004942219987,60951.0,Bulgaria,Bulgarian,3.2527881040892193,1.9305192334972308,11.152973467520585
108,Danish,dani1285,admiration,2.0,uc1.b3832576,1954.0,3.107085708959282e-05,-1.6750166578110333,64369.0,Denmark,Danish,2.668918918918919,1.5136050290142822,9.353240337111306
109,Danish,dani1285,anger,19.0,uc1.b3832576,1954.0,0.0002951731423511,-3.604919424880544,64369.0,Denmark,Danish,2.0878378378378377,1.7571198374568562,9.353240337111306
110,Danish,dani1285,anxiety,9.0,uc1.b3832576,1954.0,0.0001398188569031,-1.5302690269632888,64369.0,Denmark,Danish,2.4932432432432434,1.708309510190439,9.353240337111306
111,Danish,dani1285,boredom,3.0,uc1.b3832576,1954.0,4.660628563438922e-05,0.4768296860789911,64369.0,Denmark,Danish,2.310810810810811,2.056518924399419,9.353240337111306
112,Danish,dani1285,compassion,4.0,uc1.b3832576,1954.0,6.214171417918564e-05,-1.7182481245744712,64369.0,Denmark,Danish,4.0675675675675675,1.4506023246386663,9.353240337111306
113,Danish,dani1285,confusion,15.0,uc1.b3832576,1954.0,0.0002330314281719,-1.682922544432341,64369.0,Denmark,Danish,2.2162162162162162,1.8499514262442505,9.353240337111306
114,Danish,dani1285,determination,0.0,uc1.b3832576,1954.0,0.0,0.0,64369.0,Denmark,Danish,3.3513513513513513,1.4839956399484187,9.353240337111306
115,Danish,dani1285,disgust,8.0,uc1.b3832576,1954.0,0.0001242834283583,-0.7395104568406745,64369.0,Denmark,Danish,1.2972972972972974,1.6719350451996617,9.353240337111306
116,Danish,dani1285,fear,38.0,uc1.b3832576,1954.0,0.0005903462847022,-2.605489864123616,64369.0,Denmark,Danish,1.8243243243243243,1.610831602595787,9.353240337111306
117,Danish,dani1285,frustration,0.0,uc1.b3832576,1954.0,0.0,0.0,64369.0,Denmark,Danish,3.1486486486486487,1.852980187803615,9.353240337111306
118,Danish,dani1285,gratitude,11.0,uc1.b3832576,1954.0,0.0001708897139927,1.482598714254039,64369.0,Denmark,Danish,3.858108108108108,1.5253420944955047,9.353240337111306
119,Danish,dani1285,hope,10.0,uc1.b3832576,1954.0,0.0001553542854479,0.6900297857797398,64369.0,Denmark,Danish,3.668918918918919,1.477212458125899,9.353240337111306
120,Danish,dani1285,loneliness,2.0,uc1.b3832576,1954.0,3.107085708959282e-05,-0.4221635498832685,64369.0,Denmark,Danish,2.277027027027027,2.026427256981113,9.353240337111306
121,Danish,dani1285,love,0.0,uc1.b3832576,1954.0,0.0,0.0,64369.0,Denmark,Danish,4.108108108108108,1.706869414781777,9.353240337111306
122,Danish,dani1285,pleasure,39.0,uc1.b3832576,1954.0,0.000605881713247,-0.6290568521466191,64369.0,Denmark,Danish,3.7635135135135136,1.6386550254196732,9.353240337111306
123,Danish,dani1285,regret,18.0,uc1.b3832576,1954.0,0.0002796377138063,0.9127786168528236,64369.0,Denmark,Danish,1.4797297297297298,1.655621611254923,9.353240337111306
124,Danish,dani1285,relief,56.0,uc1.b3832576,1954.0,0.0008699839985085,10.219902606409692,64369.0,Denmark,Danish,2.4594594594594597,1.5534835919487948,9.353240337111306
125,Danish,dani1285,sadness,5.0,uc1.b3832576,1954.0,7.767714272398204e-05,-0.6029784775996114,64369.0,Denmark,Danish,1.6013513513513513,1.7329926334376553,9.353240337111306
126,Dutch,dutc1256,admiration,5.0,uc1.31822004083036,1981.0,7.915024299124598e-05,-0.6057097361692461,63171.0,Curacao,Dutch,3.6277777777777778,1.7434011437723582,8.902339346110486
127,Dutch,dutc1256,anger,26.0,uc1.31822004083036,1981.0,0.0004115812635544,-2.490091954286441,63171.0,Curacao,Dutch,2.6,1.8867370077233472,8.902339346110486
128,Dutch,dutc1256,anxiety,13.0,uc1.31822004083036,1981.0,0.0002057906317772,-0.4519750915052413,63171.0,Curacao,Dutch,3.738888888888889,1.7088788473615244,8.902339346110486
129,Dutch,dutc1256,boredom,2.0,uc1.31822004083036,1981.0,3.166009719649839e-05,-0.0387695361134185,63171.0,Curacao,Dutch,2.5555555555555554,2.085390046236203,8.902339346110486
130,Dutch,dutc1256,compassion,8.0,uc1.31822004083036,1981.0,0.0001266403887859,-0.46203285754675,63171.0,Curacao,Dutch,4.777777777777778,1.17495063752514,8.902339346110486
131,Dutch,dutc1256,confusion,16.0,uc1.31822004083036,1981.0,0.0002532807775719,-1.374660913943031,63171.0,Curacao,Dutch,2.088888888888889,1.843875227206857,8.902339346110486
132,Dutch,dutc1256,determination,7.0,uc1.31822004083036,1981.0,0.0001108103401877,-0.1338267416216669,63171.0,Curacao,Dutch,4.0,1.549914396626958,8.902339346110486
133,Dutch,dutc1256,disgust,5.0,uc1.31822004083036,1981.0,7.915024299124598e-05,-1.531449641313121,63171.0,Curacao,Dutch,1.9388888888888889,2.0932557007986703,8.902339346110486
134,Dutch,dutc1256,fear,62.0,uc1.31822004083036,1981.0,0.0009814630130914,0.7069740152101354,63171.0,Curacao,Dutch,2.477777777777778,1.9331149944135035,8.902339346110486
135,Dutch,dutc1256,frustration,2.0,uc1.31822004083036,1981.0,3.166009719649839e-05,-0.037170982926801,63171.0,Curacao,Dutch,3.0055555555555555,1.8775272642977128,8.902339346110486
136,Dutch,dutc1256,gratitude,5.0,uc1.31822004083036,1981.0,7.915024299124598e-05,-0.5829970080838675,63171.0,Curacao,Dutch,4.388888888888889,1.6892327070073383,8.902339346110486
137,Dutch,dutc1256,hope,14.0,uc1.31822004083036,1981.0,0.0002216206803754,0.0,63171.0,Curacao,Dutch,4.1722222222222225,1.4792061722633782,8.902339346110486
138,Dutch,dutc1256,loneliness,3.0,uc1.31822004083036,1981.0,4.749014579474759e-05,0.1410440276382332,63171.0,Curacao,Dutch,1.8944444444444444,1.8535703799211185,8.902339346110486
139,Dutch,dutc1256,love,0.0,uc1.31822004083036,1981.0,0.0,0.0,63171.0,Curacao,Dutch,4.188888888888889,1.5918398367290731,8.902339346110486
140,Dutch,dutc1256,pleasure,61.0,uc1.31822004083036,1981.0,0.0009656329644932,2.876501604838877,63171.0,Curacao,Dutch,3.272222222222222,1.7618887641904377,8.902339346110486
141,Dutch,dutc1256,regret,14.0,uc1.31822004083036,1981.0,0.0002216206803754,-0.0005679245948821,63171.0,Curacao,Dutch,1.35,1.6459701932583632,8.902339346110486
142,Dutch,dutc1256,relief,38.0,uc1.31822004083036,1981.0,0.0006015418467334,6.259927186368407,63171.0,Curacao,Dutch,2.422222222222222,1.6711671081654365,8.902339346110486
143,Dutch,dutc1256,sadness,9.0,uc1.31822004083036,1981.0,0.0001424704373842,0.920505228690398,63171.0,Curacao,Dutch,2.6222222222222222,1.9060490463524753,8.902339346110486
144,Dutch,dutc1256,admiration,5.0,uc1.31822004083036,1981.0,7.915024299124598e-05,-0.6057097361692461,63171.0,Netherlands,Dutch,3.3250478011472278,1.6462786746848694,8.902339346110486
145,Dutch,dutc1256,anger,26.0,uc1.31822004083036,1981.0,0.0004115812635544,-2.490091954286441,63171.0,Netherlands,Dutch,2.611854684512428,1.7606852228432945,8.902339346110486
146,Dutch,dutc1256,anxiety,13.0,uc1.31822004083036,1981.0,0.0002057906317772,-0.4519750915052413,63171.0,Netherlands,Dutch,3.575525812619503,1.6222629353531302,8.902339346110486
147,Dutch,dutc1256,boredom,2.0,uc1.31822004083036,1981.0,3.166009719649839e-05,-0.0387695361134185,63171.0,Netherlands,Dutch,2.3040152963671128,1.8920389617330198,8.902339346110486
148,Dutch,dutc1256,compassion,8.0,uc1.31822004083036,1981.0,0.0001266403887859,-0.46203285754675,63171.0,Netherlands,Dutch,4.1603053435114505,1.402356901044233,8.902339346110486
149,Dutch,dutc1256,confusion,16.0,uc1.31822004083036,1981.0,0.0002532807775719,-1.374660913943031,63171.0,Netherlands,Dutch,2.5057251908396947,1.759423045765924,8.902339346110486
150,Dutch,dutc1256,determination,7.0,uc1.31822004083036,1981.0,0.0001108103401877,-0.1338267416216669,63171.0,Netherlands,Dutch,3.553435114503817,1.4043798035051283,8.902339346110486
151,Dutch,dutc1256,disgust,5.0,uc1.31822004083036,1981.0,7.915024299124598e-05,-1.531449641313121,63171.0,Netherlands,Dutch,1.4550669216061185,1.7351968721641047,8.902339346110486
152,Dutch,dutc1256,fear,62.0,uc1.31822004083036,1981.0,0.0009814630130914,0.7069740152101354,63171.0,Netherlands,Dutch,2.4083969465648853,1.663120988227271,8.902339346110486
153,Dutch,dutc1256,frustration,2.0,uc1.31822004083036,1981.0,3.166009719649839e-05,-0.037170982926801,63171.0,Netherlands,Dutch,3.5744274809160306,1.6582243770361964,8.902339346110486
154,Dutch,dutc1256,gratitude,5.0,uc1.31822004083036,1981.0,7.915024299124598e-05,-0.5829970080838675,63171.0,Netherlands,Dutch,3.8126195028680687,1.5863623242847449,8.902339346110486
155,Dutch,dutc1256,hope,14.0,uc1.31822004083036,1981.0,0.0002216206803754,0.0,63171.0,Netherlands,Dutch,3.50381679389313,1.3999401560633669,8.902339346110486
156,Dutch,dutc1256,loneliness,3.0,uc1.31822004083036,1981.0,4.749014579474759e-05,0.1410440276382332,63171.0,Netherlands,Dutch,2.33587786259542,1.8535715594934332,8.902339346110486
157,Dutch,dutc1256,love,0.0,uc1.31822004083036,1981.0,0.0,0.0,63171.0,Netherlands,Dutch,3.9885496183206106,1.643069515717389,8.902339346110486
158,Dutch,dutc1256,pleasure,61.0,uc1.31822004083036,1981.0,0.0009656329644932,2.876501604838877,63171.0,Netherlands,Dutch,3.5850860420650097,1.516804762645767,8.902339346110486
159,Dutch,dutc1256,regret,14.0,uc1.31822004083036,1981.0,0.0002216206803754,-0.0005679245948821,63171.0,Netherlands,Dutch,1.4026717557251909,1.4828762936855966,8.902339346110486
160,Dutch,dutc1256,relief,38.0,uc1.31822004083036,1981.0,0.0006015418467334,6.259927186368407,63171.0,Netherlands,Dutch,2.230916030534351,1.4873971261599497,8.902339346110486
161,Dutch,dutc1256,sadness,9.0,uc1.31822004083036,1981.0,0.0001424704373842,0.920505228690398,63171.0,Netherlands,Dutch,2.869980879541109,1.7382108098723463,8.902339346110486
162,Finnish,finn1318,admiration,10.0,mdp.39015059174667,1984.0,0.0001013520361624,-0.1982328300302718,98666.0,Finland,Finnish,2.7384615384615385,1.5474669607632963,13.094359654943597
163,Finnish,finn1318,anger,0.0,mdp.39015059174667,1984.0,0.0,0.0,98666.0,Finland,Finnish,1.9961538461538462,1.6914458344827397,13.094359654943597
164,Finnish,finn1318,anxiety,11.0,mdp.39015059174667,1984.0,0.0001114872397786,-2.4018658440456004,98666.0,Finland,Finnish,3.3076923076923075,1.6665973651565564,13.094359654943597
165,Finnish,finn1318,boredom,3.0,mdp.39015059174667,1984.0,3.040561084872195e-05,-0.3063709070607996,98666.0,Finland,Finnish,3.4115384615384614,1.9698160396786362,13.094359654943597
166,Finnish,finn1318,compassion,4.0,mdp.39015059174667,1984.0,4.054081446496261e-05,-2.5943012073341407,98666.0,Finland,Finnish,4.042471042471043,1.3504705159566754,13.094359654943597
167,Finnish,finn1318,confusion,8.0,mdp.39015059174667,1984.0,8.108162892992521e-05,-4.163852996464708,98666.0,Finland,Finnish,2.423076923076923,1.8067457663795048,13.094359654943597
168,Finnish,finn1318,determination,3.0,mdp.39015059174667,1984.0,3.040561084872195e-05,-2.317650223282863,98666.0,Finland,Finnish,3.5328185328185326,1.3272210322672002,13.094359654943597
169,Finnish,finn1318,disgust,6.0,mdp.39015059174667,1984.0,6.08112216974439e-05,-2.3534929671410283,98666.0,Finland,Finnish,1.7923076923076924,1.6957642158083994,13.094359654943597
170,Finnish,finn1318,fear,71.0,mdp.39015059174667,1984.0,0.000719599456753,-1.6622988810898818,98666.0,Finland,Finnish,2.5096525096525095,1.6002977784017676,13.094359654943597
171,Finnish,finn1318,frustration,1.0,mdp.39015059174667,1984.0,1.0135203616240653e-05,-1.1953289341037736,98666.0,Finland,Finnish,3.8461538461538463,1.6992459761426202,13.094359654943597
172,Finnish,finn1318,gratitude,7.0,mdp.39015059174667,1984.0,7.094642531368455e-05,-1.043118759636896,98666.0,Finland,Finnish,3.7953667953667956,1.5378360414950243,13.094359654943597
173,Finnish,finn1318,hope,40.0,mdp.39015059174667,1984.0,0.0004054081446496,7.229725910904673,98666.0,Finland,Finnish,3.5945945945945947,1.2174958931093398,13.094359654943597
174,Finnish,finn1318,loneliness,1.0,mdp.39015059174667,1984.0,1.0135203616240653e-05,-1.472040973340727,98666.0,Finland,Finnish,2.776061776061776,1.9279779975299565,13.094359654943597
175,Finnish,finn1318,love,103.0,mdp.39015059174667,1984.0,0.0010439259724727,-1.9687105198864123,98666.0,Finland,Finnish,3.6795366795366795,1.767933081709072,13.094359654943597
176,Finnish,finn1318,pleasure,55.0,mdp.39015059174667,1984.0,0.0005574361988932,-1.1585112997518203,98666.0,Finland,Finnish,3.6846153846153844,1.564739929959944,13.094359654943597
177,Finnish,finn1318,regret,16.0,mdp.39015059174667,1984.0,0.0001621632578598,-1.2097479458315403,98666.0,Finland,Finnish,1.5346153846153847,1.5703434707027044,13.094359654943597
178,Finnish,finn1318,relief,40.0,mdp.39015059174667,1984.0,0.0004054081446496,4.061643641500066,98666.0,Finland,Finnish,2.5,1.4291504618027602,13.094359654943597
179,Finnish,finn1318,sadness,8.0,mdp.39015059174667,1984.0,8.108162892992521e-05,-0.6975556044143107,98666.0,Finland,Finnish,2.9536679536679538,1.6722124965158984,13.094359654943597
180,French,stan1290,admiration,0.0,mdp.39015066787105,2006.0,0.0,0.0,213882.0,France,French,3.357976653696498,1.8017636193679296,26.695207189216177
181,French,stan1290,anger,214.0,mdp.39015066787105,2006.0,0.0010005517060809,6.614872927264154,213882.0,France,French,2.6342412451361867,1.9320676637215488,26.695207189216177
182,French,stan1290,anxiety,52.0,mdp.39015066787105,2006.0,0.0002431247136271,0.4870361074386592,213882.0,France,French,2.9494163424124515,1.8544102967353617,26.695207189216177
183,French,stan1290,boredom,21.0,mdp.39015066787105,2006.0,9.818498050326816e-05,3.862702010236207,213882.0,France,French,2.124513618677043,1.9625552979891723,26.695207189216177
184,French,stan1290,compassion,0.0,mdp.39015066787105,2006.0,0.0,0.0,213882.0,France,French,3.809338521400778,1.6484575976839284,26.695207189216177
185,French,stan1290,confusion,0.0,mdp.39015066787105,2006.0,0.0,0.0,213882.0,France,French,2.23046875,1.9152661656527326,26.695207189216177
186,French,stan1290,determination,8.0,mdp.39015066787105,2006.0,3.740380209648311e-05,-3.217145448550008,213882.0,France,French,3.727626459143969,1.5822919641842903,26.695207189216177
187,French,stan1290,disgust,34.0,mdp.39015066787105,2006.0,0.00015896615891,-0.0303479067014333,213882.0,France,French,1.6964980544747081,1.9747694171656498,26.695207189216177
188,French,stan1290,fear,264.0,mdp.39015066787105,2006.0,0.0012343254691839,6.210227023619415,213882.0,France,French,2.1556420233463034,1.7960180772620693,26.695207189216177
189,French,stan1290,frustration,0.0,mdp.39015066787105,2006.0,0.0,0.0,213882.0,France,French,3.15625,1.829764797914277,26.695207189216177
190,French,stan1290,gratitude,0.0,mdp.39015066787105,2006.0,0.0,0.0,213882.0,France,French,3.299610894941634,1.817804695369069,26.695207189216177
191,French,stan1290,hope,97.0,mdp.39015066787105,2006.0,0.0004535211004198,12.579346932650026,213882.0,France,French,3.4396887159533076,1.5326080394946828,26.695207189216177
192,French,stan1290,loneliness,13.0,mdp.39015066787105,2006.0,6.078117840678505e-05,0.671945779659846,213882.0,France,French,1.961089494163424,1.9320597967883293,26.695207189216177
193,French,stan1290,love,0.0,mdp.39015066787105,2006.0,0.0,0.0,213882.0,France,French,4.011673151750973,1.6594485395012761,26.695207189216177
194,French,stan1290,pleasure,176.0,mdp.39015066787105,2006.0,0.0008228836461226,3.6002039595301016,213882.0,France,French,3.490272373540856,1.6348567417813278,26.695207189216177
195,French,stan1290,regret,0.0,mdp.39015066787105,2006.0,0.0,0.0,213882.0,France,French,1.58203125,1.7084304730870812,26.695207189216177
196,French,stan1290,relief,0.0,mdp.39015066787105,2006.0,0.0,0.0,213882.0,France,French,1.8515625,1.5722587411172524,26.695207189216177
197,French,stan1290,sadness,31.0,mdp.39015066787105,2006.0,0.0001449397331238,1.7556473205586105,213882.0,France,French,2.50390625,1.874489309537034,26.695207189216177
198,Georgian,nucl1302,admiration,2.0,uva.x001957729,1974.0,0.0001812907904278,0.6227245496525897,11032.0,Georgia,Georgian,2.523605150214592,1.866353825522462,2.5175718849840254
199,Georgian,nucl1302,anger,11.0,uva.x001957729,1974.0,0.0009970993473531,0.0344665582638517,11032.0,Georgia,Georgian,3.228448275862069,1.9682460178858276,2.5175718849840254
200,Georgian,nucl1302,anxiety,1.0,uva.x001957729,1974.0,9.064539521392314e-05,-1.0842322223973289,11032.0,Georgia,Georgian,3.4743589743589745,1.7969288939697905,2.5175718849840254
201,Georgian,nucl1302,boredom,1.0,uva.x001957729,1974.0,9.064539521392314e-05,1.23314252168798,11032.0,Georgia,Georgian,3.630901287553648,1.814996806696172,2.5175718849840254
202,Georgian,nucl1302,compassion,3.0,uva.x001957729,1974.0,0.0002719361856417,0.6701254204056024,11032.0,Georgia,Georgian,4.444444444444445,1.5078873857635948,2.5175718849840254
203,Georgian,nucl1302,confusion,3.0,uva.x001957729,1974.0,0.0002719361856417,-0.9606464381694896,11032.0,Georgia,Georgian,2.3034188034188032,1.898109817593522,2.5175718849840254
204,Georgian,nucl1302,determination,2.0,uva.x001957729,1974.0,0.0001812907904278,0.4709605262388245,11032.0,Georgia,Georgian,3.6923076923076925,1.8153448860020256,2.5175718849840254
205,Georgian,nucl1302,disgust,3.0,uva.x001957729,1974.0,0.0002719361856417,0.5385472335422012,11032.0,Georgia,Georgian,1.4267241379310345,1.8337319248067674,2.5175718849840254
206,Georgian,nucl1302,fear,5.0,uva.x001957729,1974.0,0.0004532269760696,-2.3575902015064782,11032.0,Georgia,Georgian,2.4978540772532187,1.8641917531219458,2.5175718849840254
207,Georgian,nucl1302,frustration,0.0,uva.x001957729,1974.0,0.0,0.0,0.0,Georgia,Georgian,2.9656652360515023,1.9205393031740479,2.5175718849840254
208,Georgian,nucl1302,gratitude,1.0,uva.x001957729,1974.0,9.064539521392314e-05,-0.0517551483266107,11032.0,Georgia,Georgian,3.858974358974359,1.7262752999903823,2.5175718849840254
209,Georgian,nucl1302,hope,0.0,uva.x001957729,1974.0,0.0,0.0,0.0,Georgia,Georgian,4.017094017094017,1.6390246549240892,2.5175718849840254
210,Georgian,nucl1302,loneliness,1.0,uva.x001957729,1974.0,9.064539521392314e-05,0.957912296114758,11032.0,Georgia,Georgian,2.439655172413793,2.1311492869286734,2.5175718849840254
211,Georgian,nucl1302,love,11.0,uva.x001957729,1974.0,0.0009970993473531,-2.196847133450464,11032.0,Georgia,Georgian,4.32618025751073,1.8042219409470557,2.5175718849840254
212,Georgian,nucl1302,pleasure,4.0,uva.x001957729,1974.0,0.0003625815808556,-1.9057764548187524,11032.0,Georgia,Georgian,3.2413793103448274,1.9187869980309198,2.5175718849840254
213,Georgian,nucl1302,regret,3.0,uva.x001957729,1974.0,0.0002719361856417,-0.0435829250827349,11032.0,Georgia,Georgian,2.4978540772532187,1.9166342255310056,2.5175718849840254
214,Georgian,nucl1302,relief,6.0,uva.x001957729,1974.0,0.0005438723712835,1.5509357788887543,11032.0,Georgia,Georgian,2.3047210300429186,1.746134655888682,2.5175718849840254
215,Georgian,nucl1302,sadness,2.0,uva.x001957729,1974.0,0.0001812907904278,0.6709201071078449,11032.0,Georgia,Georgian,3.2777777777777777,1.955452862869161,2.5175718849840254
216,German,stan1295,admiration,23.0,uc1.31822005249149,1983.0,0.0001081736987409,-0.0502508962699375,212621.0,Germany,German,2.804123711340206,1.8002251310804889,27.466864746156826
217,German,stan1295,anger,105.0,uc1.31822005249149,1983.0,0.0004938364507739,-2.6826968571458414,212621.0,Germany,German,2.29553264604811,1.9051510868132564,27.466864746156826
218,German,stan1295,anxiety,24.0,uc1.31822005249149,1983.0,0.000112876903034,-3.448543279481654,212621.0,Germany,German,3.0034364261168385,1.7704437039554413,27.466864746156826
219,German,stan1295,boredom,10.0,uc1.31822005249149,1983.0,4.703204293084879e-05,0.4227142547751928,212621.0,Germany,German,2.1168384879725086,2.0257203839187463,27.466864746156826
220,German,stan1295,compassion,9.0,uc1.31822005249149,1983.0,4.232883863776391e-05,-3.786379051303692,212621.0,Germany,German,4.347079037800687,1.2837781218517783,27.466864746156826
221,German,stan1295,confusion,29.0,uc1.31822005249149,1983.0,0.0001363929244994,-5.00726210584243,212621.0,Germany,German,2.1649484536082473,1.9046969839798877,27.466864746156826
222,German,stan1295,determination,35.0,uc1.31822005249149,1983.0,0.0001646121502579,1.8411808185120533,212621.0,Germany,German,3.4689655172413794,1.4649547268595042,27.466864746156826
223,German,stan1295,disgust,21.0,uc1.31822005249149,1983.0,9.876729015478246e-05,-2.2269891054192907,212621.0,Germany,German,0.9758620689655172,1.460946077415868,27.466864746156826
224,German,stan1295,fear,175.0,uc1.31822005249149,1983.0,0.0008230607512898,-0.4340498661295644,212621.0,Germany,German,2.323024054982818,1.7573841638695167,27.466864746156826
225,German,stan1295,frustration,8.0,uc1.31822005249149,1983.0,3.762563434467903e-05,-0.2158188968554538,212621.0,Germany,German,3.1862068965517243,1.8563878565646559,27.466864746156826
226,German,stan1295,gratitude,19.0,uc1.31822005249149,1983.0,8.936088156861269e-05,-0.8186957721161536,212621.0,Germany,German,4.006896551724138,1.6066322391546803,27.466864746156826
227,German,stan1295,hope,76.0,uc1.31822005249149,1983.0,0.0003574435262744,9.00862730144852,212621.0,Germany,German,3.584192439862543,1.4223429980910052,27.466864746156826
228,German,stan1295,loneliness,5.0,uc1.31822005249149,1983.0,2.3516021465424395e-05,-1.6475536474782797,212621.0,Germany,German,2.178694158075601,1.8870775652242413,27.466864746156826
229,German,stan1295,love,262.0,uc1.31822005249149,1983.0,0.0012322395247882,0.0659985564051005,212621.0,Germany,German,4.124137931034483,1.6962517547555478,27.466864746156826
230,German,stan1295,pleasure,154.0,uc1.31822005249149,1983.0,0.000724293461135,1.6479834307197605,212621.0,Germany,German,3.913793103448276,1.6935097230187939,27.466864746156826
231,German,stan1295,regret,49.0,uc1.31822005249149,1983.0,0.0002304570103611,0.3856328794508042,212621.0,Germany,German,2.037931034482759,1.7054591347432524,27.466864746156826
232,German,stan1295,relief,63.0,uc1.31822005249149,1983.0,0.0002963018704643,2.793065481151096,212621.0,Germany,German,2.597938144329897,1.6188105072026342,27.466864746156826
233,German,stan1295,sadness,16.0,uc1.31822005249149,1983.0,7.525126868935806e-05,-1.3478749901071567,212621.0,Germany,German,2.656357388316151,1.7495179028871963,27.466864746156826
234,Greek,mode1248,admiration,9.0,uc1.32106014581794,1997.0,0.0001036591686534,-0.1331137216461328,86823.0,Greece,Greek,2.328888888888889,1.8870591043981806,12.187394722066255
235,Greek,mode1248,anger,38.0,uc1.32106014581794,1997.0,0.0004376720454257,-2.6042199040541387,86823.0,Greece,Greek,3.061946902654867,1.9288830888629498,12.187394722066255
236,Greek,mode1248,anxiety,20.0,uc1.32106014581794,1997.0,0.0002303537081188,-0.0959373097470481,86823.0,Greece,Greek,3.7831858407079646,1.728681072307492,12.187394722066255
237,Greek,mode1248,boredom,9.0,uc1.32106014581794,1997.0,0.0001036591686534,2.7654264501436607,86823.0,Greece,Greek,2.6916299559471364,1.9826839957651523,12.187394722066255
238,Greek,mode1248,compassion,2.0,uc1.32106014581794,1997.0,2.3035370811881643e-05,-2.69872210664662,86823.0,Greece,Greek,3.8430493273542603,1.6623909927785248,12.187394722066255
239,Greek,mode1248,confusion,9.0,uc1.32106014581794,1997.0,0.0001036591686534,-3.698548812874872,86823.0,Greece,Greek,2.6299559471365637,1.9335376120380494,12.187394722066255
240,Greek,mode1248,determination,14.0,uc1.32106014581794,1997.0,0.0001612475956831,1.0668229274640295,86823.0,Greece,Greek,3.444933920704846,1.6828937283512413,12.187394722066255
241,Greek,mode1248,disgust,7.0,uc1.32106014581794,1997.0,8.062379784158576e-05,-1.818788634879132,86823.0,Greece,Greek,1.8495575221238938,2.109117725761401,12.187394722066255
242,Greek,mode1248,fear,71.0,uc1.32106014581794,1997.0,0.0008177556638217,-0.703712352053054,86823.0,Greece,Greek,2.6371681415929205,1.9393558926276067,12.187394722066255
243,Greek,mode1248,frustration,5.0,uc1.32106014581794,1997.0,5.758842702970411e-05,0.8958130108465252,86823.0,Greece,Greek,3.5088495575221237,1.6633063469887732,12.187394722066255
244,Greek,mode1248,gratitude,4.0,uc1.32106014581794,1997.0,4.607074162376329e-05,-1.622868205333169,86823.0,Greece,Greek,3.4757709251101323,1.836956818864328,12.187394722066255
245,Greek,mode1248,hope,23.0,uc1.32106014581794,1997.0,0.0002649067643366,3.470618792705617,86823.0,Greece,Greek,3.3672566371681416,1.6766603036526644,12.187394722066255
246,Greek,mode1248,loneliness,5.0,uc1.32106014581794,1997.0,5.758842702970411e-05,0.4171730444214382,86823.0,Greece,Greek,2.537444933920705,2.015901078814367,12.187394722066255
247,Greek,mode1248,love,82.0,uc1.32106014581794,1997.0,0.0009444502032871,-2.7843870487312508,86823.0,Greece,Greek,4.3628318584070795,1.535140656039366,12.187394722066255
248,Greek,mode1248,pleasure,46.0,uc1.32106014581794,1997.0,0.0005298135286732,-1.4877806439603467,86823.0,Greece,Greek,3.6222222222222222,1.7020062857772875,12.187394722066255
249,Greek,mode1248,regret,14.0,uc1.32106014581794,1997.0,0.0001612475956831,-1.1835244328760353,86823.0,Greece,Greek,1.7787610619469028,1.8365886893275742,12.187394722066255
250,Greek,mode1248,relief,22.0,uc1.32106014581794,1997.0,0.0002533890789306,0.8156167461444053,86823.0,Greece,Greek,2.2123893805309733,1.627274899585211,12.187394722066255
251,Greek,mode1248,sadness,6.0,uc1.32106014581794,1997.0,6.910611243564493e-05,-0.981051882096548,86823.0,Greece,Greek,3.251101321585903,1.8869453995852512,12.187394722066255
252,Hebrew,hebr1245,admiration,2.0,uva.x004242694,1977.0,9.296272194849865e-05,-0.1366896811588114,21514.0,Israel,Hebrew,1.5695364238410596,1.7185650362044667,3.421437659033079
253,Hebrew,hebr1245,anger,8.0,uva.x004242694,1977.0,0.0003718508877939,-2.1491550154947525,21514.0,Israel,Hebrew,2.456953642384106,1.688135457984137,3.421437659033079
254,Hebrew,hebr1245,anxiety,3.0,uva.x004242694,1977.0,0.0001394440829227,-1.0239964241296695,21514.0,Israel,Hebrew,2.662251655629139,1.7005388056673605,3.421437659033079
255,Hebrew,hebr1245,boredom,2.0,uva.x004242694,1977.0,9.296272194849865e-05,1.4528005036579417,21514.0,Israel,Hebrew,1.913907284768212,1.868833494816105,3.421437659033079
256,Hebrew,hebr1245,compassion,3.0,uva.x004242694,1977.0,0.0001394440829227,-0.2067954219684499,21514.0,Israel,Hebrew,4.013245033112582,1.3164941066680977,3.421437659033079
257,Hebrew,hebr1245,confusion,9.0,uva.x004242694,1977.0,0.0004183322487682,-0.0079604639516712,21514.0,Israel,Hebrew,2.2781456953642385,1.922355986447709,3.421437659033079
258,Hebrew,hebr1245,determination,0.0,uva.x004242694,1977.0,0.0,0.0,0.0,Israel,Hebrew,3.403973509933775,1.4930005936458741,3.421437659033079
259,Hebrew,hebr1245,disgust,5.0,uva.x004242694,1977.0,0.0002324068048712,0.5785703215040202,21514.0,Israel,Hebrew,0.8874172185430463,1.3193081336196175,3.421437659033079
260,Hebrew,hebr1245,fear,16.0,uva.x004242694,1977.0,0.0007437017755879,-1.4815626544690068,21514.0,Israel,Hebrew,2.0927152317880795,1.7334012552492803,3.421437659033079
261,Hebrew,hebr1245,frustration,2.0,uva.x004242694,1977.0,9.296272194849865e-05,1.454368861975438,21514.0,Israel,Hebrew,3.1258278145695364,1.6903831351169645,3.421437659033079
262,Hebrew,hebr1245,gratitude,2.0,uva.x004242694,1977.0,9.296272194849865e-05,-0.1206252429077069,21514.0,Israel,Hebrew,3.827814569536424,1.5481670426840188,3.421437659033079
263,Hebrew,hebr1245,hope,0.0,uva.x004242694,1977.0,0.0,0.0,0.0,Israel,Hebrew,3.7682119205298013,1.282932622856823,3.421437659033079
264,Hebrew,hebr1245,loneliness,3.0,uva.x004242694,1977.0,0.0001394440829227,1.863276735466619,21514.0,Israel,Hebrew,2.0264900662251657,1.7547916110564228,3.421437659033079
265,Hebrew,hebr1245,love,13.0,uva.x004242694,1977.0,0.0006042576926652,-3.4372623669103217,21514.0,Israel,Hebrew,4.059602649006623,1.609272249929432,3.421437659033079
266,Hebrew,hebr1245,pleasure,12.0,uva.x004242694,1977.0,0.0005577763316909,-1.2084229328537983,21514.0,Israel,Hebrew,3.5733333333333333,1.4440187521634034,3.421437659033079
267,Hebrew,hebr1245,regret,6.0,uva.x004242694,1977.0,0.0002788881658454,0.2626936759548204,21514.0,Israel,Hebrew,1.6622516556291391,1.6161164034748776,3.421437659033079
268,Hebrew,hebr1245,relief,7.0,uva.x004242694,1977.0,0.0003253695268197,0.7955114621155642,21514.0,Israel,Hebrew,2.4701986754966887,1.3847163224278953,3.421437659033079
269,Hebrew,hebr1245,sadness,3.0,uva.x004242694,1977.0,0.0001394440829227,0.4730521354949107,21514.0,Israel,Hebrew,2.5364238410596025,1.7655021360775753,3.421437659033079
270,Hungarian,hung1274,admiration,3.0,miun.aee0517.0001.001,1924.0,3.4946706272933774e-05,-1.8930384859235936,85845.0,Hungary,Hungarian,2.6796875,1.9258146990045442,14.200992555831265
271,Hungarian,hung1274,anger,46.0,miun.aee0517.0001.001,1924.0,0.0005358494961849,-1.499813790810483,85845.0,Hungary,Hungarian,2.44140625,1.9814048232326,14.200992555831265
272,Hungarian,hung1274,anxiety,14.0,miun.aee0517.0001.001,1924.0,0.0001630846292736,-1.33856961161392,85845.0,Hungary,Hungarian,3.2890625,1.8220968044277674,14.200992555831265
273,Hungarian,hung1274,boredom,1.0,miun.aee0517.0001.001,1924.0,1.1648902090977923e-05,-1.0204003122926657,85845.0,Hungary,Hungarian,1.44140625,1.796642941110764,14.200992555831265
274,Hungarian,hung1274,compassion,14.0,miun.aee0517.0001.001,1924.0,0.0001630846292736,0.2432305568583067,85845.0,Hungary,Hungarian,4.5078125,1.3430786626693334,14.200992555831265
275,Hungarian,hung1274,confusion,35.0,miun.aee0517.0001.001,1924.0,0.0004077115731842,0.7370213492395388,85845.0,Hungary,Hungarian,1.79296875,1.7932633674120375,14.200992555831265
276,Hungarian,hung1274,determination,7.0,miun.aee0517.0001.001,1924.0,8.154231463684548e-05,-0.9647491785017304,85845.0,Hungary,Hungarian,3.65234375,1.6989715386714654,14.200992555831265
277,Hungarian,hung1274,disgust,16.0,miun.aee0517.0001.001,1924.0,0.0001863824334556,0.5034976355196378,85845.0,Hungary,Hungarian,0.78125,1.345653861037634,14.200992555831265
278,Hungarian,hung1274,fear,56.0,miun.aee0517.0001.001,1924.0,0.0006523385170947,-2.301666043107337,85845.0,Hungary,Hungarian,2.51171875,1.8235548602746703,14.200992555831265
279,Hungarian,hung1274,frustration,1.0,miun.aee0517.0001.001,1924.0,1.1648902090977923e-05,-1.019081734355104,85845.0,Hungary,Hungarian,3.125,1.9199673199833167,14.200992555831265
280,Hungarian,hung1274,gratitude,15.0,miun.aee0517.0001.001,1924.0,0.0001747335313646,1.7933225937430557,85845.0,Hungary,Hungarian,3.780392156862745,1.8182170473940413,14.200992555831265
281,Hungarian,hung1274,hope,31.0,miun.aee0517.0001.001,1924.0,0.0003611159648203,5.695449967283045,85845.0,Hungary,Hungarian,3.8125,1.6002450792692624,14.200992555831265
282,Hungarian,hung1274,loneliness,4.0,miun.aee0517.0001.001,1924.0,4.65956083639117e-05,-0.0004546066189108,85845.0,Hungary,Hungarian,1.86328125,2.0002106200372505,14.200992555831265
283,Hungarian,hung1274,love,113.0,miun.aee0517.0001.001,1924.0,0.0013163259362805,0.2498700837490521,85845.0,Hungary,Hungarian,4.80078125,1.4644008930242411,14.200992555831265
284,Hungarian,hung1274,pleasure,74.0,miun.aee0517.0001.001,1924.0,0.0008620187547323,2.2669922883532427,85845.0,Hungary,Hungarian,3.70703125,1.7252761572071431,14.200992555831265
285,Hungarian,hung1274,regret,16.0,miun.aee0517.0001.001,1924.0,0.0001863824334556,-0.6959947124963801,85845.0,Hungary,Hungarian,1.90625,1.7238238388683982,14.200992555831265
286,Hungarian,hung1274,relief,44.0,miun.aee0517.0001.001,1924.0,0.000512551692003,5.712783758188476,85845.0,Hungary,Hungarian,2.26953125,1.7291076058895523,14.200992555831265
287,Hungarian,hung1274,sadness,0.0,miun.aee0517.0001.001,1924.0,0.0,0.0,0.0,Hungary,Hungarian,2.703125,1.8697147732564268,14.200992555831265
288,Icelandic,icel1247,admiration,3.0,uc1.32106020063118,1962.0,2.97374185938166e-05,-2.19268427774399,100883.0,Iceland,Icelandic,3.4697406340057637,1.8672971074384899,22.002835332606324
289,Icelandic,icel1247,anger,49.0,uc1.32106020063118,1962.0,0.0004857111703656,-2.1688371831401194,100883.0,Iceland,Icelandic,1.676300578034682,1.793503303787121,22.002835332606324
290,Icelandic,icel1247,anxiety,9.0,uc1.32106020063118,1962.0,8.92122557814498e-05,-2.8487960883188195,100883.0,Iceland,Icelandic,3.0660919540229883,1.976431655661991,22.002835332606324
291,Icelandic,icel1247,boredom,0.0,uc1.32106020063118,1962.0,0.0,0.0,0.0,Iceland,Icelandic,2.876080691642651,2.1231394233095195,22.002835332606324
292,Icelandic,icel1247,compassion,16.0,uc1.32106020063118,1962.0,0.0001585995658336,0.1571653397413756,100883.0,Iceland,Icelandic,4.388405797101449,1.6011928903349901,22.002835332606324
293,Icelandic,icel1247,confusion,22.0,uc1.32106020063118,1962.0,0.0002180744030213,-2.277021987168285,100883.0,Iceland,Icelandic,2.2103746397694524,1.938089944715123,22.002835332606324
294,Icelandic,icel1247,determination,3.0,uc1.32106020063118,1962.0,2.97374185938166e-05,-2.3680236214877413,100883.0,Iceland,Icelandic,3.5895953757225434,1.6113029594427581,22.002835332606324
295,Icelandic,icel1247,disgust,5.0,uc1.32106020063118,1962.0,4.956236432302766e-05,-2.6182139001422366,100883.0,Iceland,Icelandic,1.8132183908045978,1.9227585816006696,22.002835332606324
296,Icelandic,icel1247,fear,80.0,uc1.32106020063118,1962.0,0.0007929978291684,-0.9299653717820868,100883.0,Iceland,Icelandic,2.2276657060518734,1.8615476260964015,22.002835332606324
297,Icelandic,icel1247,frustration,1.0,uc1.32106020063118,1962.0,9.912472864605534e-06,-1.2309437036109296,100883.0,Iceland,Icelandic,2.1296829971181555,1.8909307928585297,22.002835332606324
298,Icelandic,icel1247,gratitude,7.0,uc1.32106020063118,1962.0,6.938731005223873e-05,-1.114335304443552,100883.0,Iceland,Icelandic,4.485549132947977,1.4943640454981197,22.002835332606324
299,Icelandic,icel1247,hope,2.0,uc1.32106020063118,1962.0,1.9824945729211068e-05,-2.6118307543583685,100883.0,Iceland,Icelandic,4.031791907514451,1.5665435866090411,22.002835332606324
300,Icelandic,icel1247,loneliness,1.0,uc1.32106020063118,1962.0,9.912472864605534e-06,-1.5076584716285204,100883.0,Iceland,Icelandic,2.4653179190751446,2.1603031289102517,22.002835332606324
301,Icelandic,icel1247,love,199.0,uc1.32106020063118,1962.0,0.0019725821000565,6.156451530398706,100883.0,Iceland,Icelandic,4.315028901734104,1.5904259293797458,22.002835332606324
302,Icelandic,icel1247,pleasure,31.0,uc1.32106020063118,1962.0,0.0003072866588027,-4.183815089712016,100883.0,Iceland,Icelandic,3.336206896551724,1.7375856855727558,22.002835332606324
303,Icelandic,icel1247,regret,2.0,uc1.32106020063118,1962.0,1.9824945729211068e-05,-3.5563938509720217,100883.0,Iceland,Icelandic,1.5273775216138328,1.7769314278446557,22.002835332606324
304,Icelandic,icel1247,relief,20.0,uc1.32106020063118,1962.0,0.0001982494572921,-0.2700033233859105,100883.0,Iceland,Icelandic,2.647398843930636,1.6896810941366178,22.002835332606324
305,Icelandic,icel1247,sadness,5.0,uc1.32106020063118,1962.0,4.956236432302766e-05,-1.62416551332265,100883.0,Iceland,Icelandic,2.3764367816091956,1.9648839210195737,22.002835332606324
306,Indonesian,indo1316,admiration,4.0,uc1.31822029604741,1989.0,5.076528669695662e-05,-1.4374691872323777,78794.0,Indonesia,Indonesian,3.201863354037267,1.5773265982265772,11.96204645513891
307,Indonesian,indo1316,anger,58.0,uc1.31822029604741,1989.0,0.0007360966571058,0.6841776328438417,78794.0,Indonesia,Indonesian,2.678516228748068,1.6360543866282589,11.96204645513891
308,Indonesian,indo1316,anxiety,10.0,uc1.31822029604741,1989.0,0.0001269132167423,-1.907754887309114,78794.0,Indonesia,Indonesian,3.3947368421052633,1.7380119201307347,11.96204645513891
309,Indonesian,indo1316,boredom,2.0,uc1.31822029604741,1989.0,2.538264334847831e-05,-0.4081350934358498,78794.0,Indonesia,Indonesian,3.7627906976744185,1.8843532659693172,11.96204645513891
310,Indonesian,indo1316,compassion,9.0,uc1.31822029604741,1989.0,0.0001142218950681,-0.8283695677243931,78794.0,Indonesia,Indonesian,4.547286821705426,1.2384922159011744,11.96204645513891
311,Indonesian,indo1316,confusion,34.0,uc1.31822029604741,1989.0,0.0004315049369241,1.036396868334293,78794.0,Indonesia,Indonesian,2.7147286821705428,1.8167227325135042,11.96204645513891
312,Indonesian,indo1316,determination,14.0,uc1.31822029604741,1989.0,0.0001776785034393,1.4236485649042847,78794.0,Indonesia,Indonesian,3.827371695178849,1.3017112258567858,11.96204645513891
313,Indonesian,indo1316,disgust,12.0,uc1.31822029604741,1989.0,0.0001522958600908,-0.2360782187653347,78794.0,Indonesia,Indonesian,1.5705426356589147,1.5504158478816603,11.96204645513891
314,Indonesian,indo1316,fear,46.0,uc1.31822029604741,1989.0,0.000583800797015,-2.8604653615162734,78794.0,Indonesia,Indonesian,3.1410852713178294,1.7490730643207617,11.96204645513891
315,Indonesian,indo1316,frustration,4.0,uc1.31822029604741,1989.0,5.076528669695662e-05,0.6166003078169561,78794.0,Indonesia,Indonesian,2.2132921174652243,1.8698213055917645,11.96204645513891
316,Indonesian,indo1316,gratitude,6.0,uc1.31822029604741,1989.0,7.614793004543493e-05,-0.7862445357149875,78794.0,Indonesia,Indonesian,4.920684292379471,1.1458681692204553,11.96204645513891
317,Indonesian,indo1316,hope,13.0,uc1.31822029604741,1989.0,0.0001649871817651,0.9821164091402472,78794.0,Indonesia,Indonesian,4.594090202177294,1.3632113123773477,11.96204645513891
318,Indonesian,indo1316,loneliness,7.0,uc1.31822029604741,1989.0,8.883925171967408e-05,1.554884153748051,78794.0,Indonesia,Indonesian,2.545595054095827,1.9783678992400031,11.96204645513891
319,Indonesian,indo1316,love,138.0,uc1.31822029604741,1989.0,0.001751402391045,3.561979789727044,78794.0,Indonesia,Indonesian,4.123647604327666,1.5116207198574834,11.96204645513891
320,Indonesian,indo1316,pleasure,33.0,uc1.31822029604741,1989.0,0.0004188136152498,-2.615726283174397,78794.0,Indonesia,Indonesian,3.3410852713178296,1.5113243546073472,11.96204645513891
321,Indonesian,indo1316,regret,14.0,uc1.31822029604741,1989.0,0.0001776785034393,-0.8265386349294654,78794.0,Indonesia,Indonesian,2.06656346749226,1.647237655247371,11.96204645513891
322,Indonesian,indo1316,relief,18.0,uc1.31822029604741,1989.0,0.0002284437901363,0.3108639712368115,78794.0,Indonesia,Indonesian,2.9860248447204967,1.4234616118819403,11.96204645513891
323,Indonesian,indo1316,sadness,12.0,uc1.31822029604741,1989.0,0.0001522958600908,1.2258484103090743,78794.0,Indonesia,Indonesian,2.933333333333333,1.7303166933290715,11.96204645513891
324,Italian,ital1282,admiration,17.0,mdp.39015042010226,1977.0,0.0001304441238758,0.7358054885654284,130324.0,Italy,Italian,2.9669811320754715,1.9003158477358877,17.275185577942736
325,Italian,ital1282,anger,90.0,mdp.39015042010226,1977.0,0.0006905865381664,0.5547460777763167,130324.0,Italy,Italian,2.915492957746479,1.938439485455715,17.275185577942736
326,Italian,ital1282,anxiety,46.0,mdp.39015042010226,1977.0,0.0003529664528406,2.824903846648211,130324.0,Italy,Italian,3.263529411764706,1.8483066612100587,17.275185577942736
327,Italian,ital1282,boredom,12.0,mdp.39015042010226,1977.0,9.207820508885548e-05,2.756965682353405,130324.0,Italy,Italian,2.971631205673759,2.0327062567492846,17.275185577942736
328,Italian,ital1282,compassion,7.0,mdp.39015042010226,1977.0,5.371228630183236e-05,-2.684497407717608,130324.0,Italy,Italian,3.6132075471698113,1.7290222149256793,17.275185577942736
329,Italian,ital1282,confusion,45.0,mdp.39015042010226,1977.0,0.0003452932690832,-0.1059968230397631,130324.0,Italy,Italian,2.9131455399061035,1.867232229784171,17.275185577942736
330,Italian,ital1282,determination,14.0,mdp.39015042010226,1977.0,0.0001074245726036,-0.3727058621027062,130324.0,Italy,Italian,3.7169811320754715,1.5589577471267058,17.275185577942736
331,Italian,ital1282,disgust,34.0,mdp.39015042010226,1977.0,0.0002608882477517,2.72097470680403,130324.0,Italy,Italian,1.9976470588235293,1.9051801572928755,17.275185577942736
332,Italian,ital1282,fear,126.0,mdp.39015042010226,1977.0,0.0009668211534329,1.2673522570068505,130324.0,Italy,Italian,2.6666666666666665,1.7997821218898993,17.275185577942736
333,Italian,ital1282,frustration,2.0,mdp.39015042010226,1977.0,1.5346367514809243e-05,-1.2101830321343492,130324.0,Italy,Italian,3.32,1.944076634874293,17.275185577942736
334,Italian,ital1282,gratitude,18.0,mdp.39015042010226,1977.0,0.0001381173076332,1.0316636652340292,130324.0,Italy,Italian,3.3529411764705883,1.7382074530485467,17.275185577942736
335,Italian,ital1282,hope,57.0,mdp.39015042010226,1977.0,0.000437371474172,9.256268621665283,130324.0,Italy,Italian,3.847058823529412,1.5609162339652183,17.275185577942736
336,Italian,ital1282,loneliness,5.0,mdp.39015042010226,1977.0,3.836591878702311e-05,-0.493322812120638,130324.0,Italy,Italian,2.535377358490566,1.9687087244336305,17.275185577942736
337,Italian,ital1282,love,228.0,mdp.39015042010226,1977.0,0.0017494858966882,5.098562206819016,130324.0,Italy,Italian,3.908235294117647,1.6833123627371838,17.275185577942736
338,Italian,ital1282,pleasure,121.0,mdp.39015042010226,1977.0,0.0009284552346459,4.024296599001052,130324.0,Italy,Italian,3.4258823529411764,1.5555100587043145,17.275185577942736
339,Italian,ital1282,regret,59.0,mdp.39015042010226,1977.0,0.0004527178416868,5.476908890934536,130324.0,Italy,Italian,2.411764705882353,1.928522980911125,17.275185577942736
340,Italian,ital1282,relief,58.0,mdp.39015042010226,1977.0,0.0004450446579294,5.6732403864223215,130324.0,Italy,Italian,2.1948356807511735,1.5098333671187243,17.275185577942736
341,Italian,ital1282,sadness,13.0,mdp.39015042010226,1977.0,9.97513888462601e-05,-0.1862988458808233,130324.0,Italy,Italian,3.343529411764706,1.7237551605422723,17.275185577942736
342,Japanese,nucl1643,admiration,77.0,uva.x004877953,1974.0,0.0002721857933155,7.823303999749747,282895.0,Japan,Japanese,2.602175602175602,1.5233572617924922,36.59229077738973
343,Japanese,nucl1643,anger,151.0,uva.x004877953,1974.0,0.000533766945333,-2.1910579494962388,282895.0,Japan,Japanese,2.825310559006211,1.75847263575646,36.59229077738973
344,Japanese,nucl1643,anxiety,64.0,uva.x004877953,1974.0,0.0002262323476908,-0.0990794149588425,282895.0,Japan,Japanese,3.6355866355866358,1.6680349797572374,36.59229077738973
345,Japanese,nucl1643,boredom,6.0,uva.x004877953,1974.0,2.120928259601619e-05,-1.5905896302537257,282895.0,Japan,Japanese,3.1809006211180124,1.9390178778037366,36.59229077738973
346,Japanese,nucl1643,compassion,37.0,uva.x004877953,1974.0,0.0001307905760087,-0.8645490847444822,282895.0,Japan,Japanese,3.533385093167702,1.3759405742489883,36.59229077738973
347,Japanese,nucl1643,confusion,113.0,uva.x004877953,1974.0,0.0003994414888916,1.5198600065192296,282895.0,Japan,Japanese,2.3812111801242235,1.754077348092634,36.59229077738973
348,Japanese,nucl1643,determination,31.0,uva.x004877953,1974.0,0.0001095812934127,-0.4959645276126736,282895.0,Japan,Japanese,2.964257964257964,1.5223467259239827,36.59229077738973
349,Japanese,nucl1643,disgust,13.0,uva.x004877953,1974.0,4.595344562470174e-05,-4.505456961371058,282895.0,Japan,Japanese,2.8547008547008548,1.7476554078076711,36.59229077738973
350,Japanese,nucl1643,fear,183.0,uva.x004877953,1974.0,0.0006468831191784,-3.6022673079808287,282895.0,Japan,Japanese,2.63014763014763,1.7432273460609329,36.59229077738973
351,Japanese,nucl1643,frustration,6.0,uva.x004877953,1974.0,2.120928259601619e-05,-1.5880758145370926,282895.0,Japan,Japanese,3.111888111888112,1.7293298515688973,36.59229077738973
352,Japanese,nucl1643,gratitude,67.0,uva.x004877953,1974.0,0.0002368369889888,6.260245180408324,282895.0,Japan,Japanese,3.948717948717949,1.444842650092645,36.59229077738973
353,Japanese,nucl1643,hope,53.0,uva.x004877953,1974.0,0.0001873486629314,2.923487470456275,282895.0,Japan,Japanese,2.6607142857142856,1.383870944163072,36.59229077738973
354,Japanese,nucl1643,loneliness,7.0,uva.x004877953,1974.0,2.4744163028685555e-05,-1.8734356591318144,282895.0,Japan,Japanese,2.0077639751552794,1.8176212415297157,36.59229077738973
355,Japanese,nucl1643,love,639.0,uva.x004877953,1974.0,0.0022587885964757,15.5196501058388,282895.0,Japan,Japanese,3.614130434782609,1.5117315969450353,36.59229077738973
356,Japanese,nucl1643,pleasure,286.0,uva.x004877953,1974.0,0.0010109758037434,7.953902827040529,282895.0,Japan,Japanese,2.717171717171717,1.4952102129500682,36.59229077738973
357,Japanese,nucl1643,regret,107.0,uva.x004877953,1974.0,0.0003782322062956,5.664047279514423,282895.0,Japan,Japanese,1.9565217391304348,1.6238235158772194,36.59229077738973
358,Japanese,nucl1643,relief,89.0,uva.x004877953,1974.0,0.0003146043585075,3.907437328985748,282895.0,Japan,Japanese,2.403263403263403,1.4174282599992132,36.59229077738973
359,Japanese,nucl1643,sadness,9.0,uva.x004877953,1974.0,3.181392389402428e-05,-3.588460039230281,282895.0,Japan,Japanese,2.6013986013986012,1.7100283942868,36.59229077738973
360,Mandarin Chinese,mand1415,admiration,24.0,uc1.l0088545033,2004.0,0.0002361786297703,3.6528241702830857,101618.0,China,Mandarin Chinese,4.365940192600101,1.7366983873173,13.379591836734694
361,Mandarin Chinese,mand1415,anger,59.0,uc1.l0088545033,2004.0,0.0005806057981853,-0.995819995195736,101618.0,China,Mandarin Chinese,1.956433637284701,1.8120301502699465,13.379591836734694
362,Mandarin Chinese,mand1415,anxiety,33.0,uc1.l0088545033,2004.0,0.0003247456159341,1.855675562220212,101618.0,China,Mandarin Chinese,2.6328920570264764,1.8792259455463887,13.379591836734694
363,Mandarin Chinese,mand1415,boredom,5.0,uc1.l0088545033,2004.0,4.920388120214922e-05,0.5453439535691698,101618.0,China,Mandarin Chinese,2.3297818366311516,1.9482703257056646,13.379591836734694
364,Mandarin Chinese,mand1415,compassion,9.0,uc1.l0088545033,2004.0,8.85669861638686e-05,-1.569685263104065,101618.0,China,Mandarin Chinese,4.240976105744789,1.7017998559416723,13.379591836734694
365,Mandarin Chinese,mand1415,confusion,19.0,uc1.l0088545033,2004.0,0.0001869747485681,-2.766751578051359,101618.0,China,Mandarin Chinese,2.2704211060375443,1.809291522233881,13.379591836734694
366,Mandarin Chinese,mand1415,determination,8.0,uc1.l0088545033,2004.0,7.872620992343876e-05,-1.1317492964337814,101618.0,China,Mandarin Chinese,4.165991902834008,1.6934056249367164,13.379591836734694
367,Mandarin Chinese,mand1415,disgust,3.0,uc1.l0088545033,2004.0,2.952232872128953e-05,-2.9570269501055586,101618.0,China,Mandarin Chinese,1.7451971688574317,1.751591425115533,13.379591836734694
368,Mandarin Chinese,mand1415,fear,89.0,uc1.l0088545033,2004.0,0.0008758290853982,-0.0201813658190804,101618.0,China,Mandarin Chinese,1.809499747347145,1.7260833418781198,13.379591836734694
369,Mandarin Chinese,mand1415,frustration,7.0,uc1.l0088545033,2004.0,6.888543368300891e-05,1.4445981787833289,101618.0,China,Mandarin Chinese,1.8156424581005586,1.763461323527826,13.379591836734694
370,Mandarin Chinese,mand1415,gratitude,20.0,uc1.l0088545033,2004.0,0.0001968155248085,2.5934970188105457,101618.0,China,Mandarin Chinese,4.213089802130898,1.7660794693137334,13.379591836734694
371,Mandarin Chinese,mand1415,hope,20.0,uc1.l0088545033,2004.0,0.0001968155248085,1.984624827434793,101618.0,China,Mandarin Chinese,4.528934010152284,1.6348867322955187,13.379591836734694
372,Mandarin Chinese,mand1415,loneliness,4.0,uc1.l0088545033,2004.0,3.936310496171938e-05,-0.3445341926178448,101618.0,China,Mandarin Chinese,1.8124368048533872,1.8264916790439791,13.379591836734694
373,Mandarin Chinese,mand1415,love,176.0,uc1.l0088545033,2004.0,0.0017319766183156,4.113459597488353,101618.0,China,Mandarin Chinese,4.577157360406091,1.5546212309664362,13.379591836734694
374,Mandarin Chinese,mand1415,pleasure,52.0,uc1.l0088545033,2004.0,0.0005117203645023,-1.7411321277522616,101618.0,China,Mandarin Chinese,3.4812753036437245,1.7887563300293747,13.379591836734694
375,Mandarin Chinese,mand1415,regret,48.0,uc1.l0088545033,2004.0,0.0004723572595406,5.141359745543163,101618.0,China,Mandarin Chinese,1.4770085901970693,1.7010827294412862,13.379591836734694
376,Mandarin Chinese,mand1415,relief,28.0,uc1.l0088545033,2004.0,0.000275541734732,1.3970257215986503,101618.0,China,Mandarin Chinese,2.084221207508879,1.8510553005412067,13.379591836734694
377,Mandarin Chinese,mand1415,sadness,7.0,uc1.l0088545033,2004.0,6.888543368300891e-05,-1.0735477718819448,101618.0,China,Mandarin Chinese,2.2567088607594936,1.8484705207978938,13.379591836734694
378,Mandarin Chinese,mand1415,admiration,24.0,uc1.l0088545033,2004.0,0.0002361786297703,3.6528241702830857,101618.0,Hong Kong (S.A.R),Mandarin Chinese,2.6690647482014387,1.770893859324912,13.379591836734694
379,Mandarin Chinese,mand1415,anger,59.0,uc1.l0088545033,2004.0,0.0005806057981853,-0.995819995195736,101618.0,Hong Kong (S.A.R),Mandarin Chinese,2.870503597122302,1.743869312573277,13.379591836734694
380,Mandarin Chinese,mand1415,anxiety,33.0,uc1.l0088545033,2004.0,0.0003247456159341,1.855675562220212,101618.0,Hong Kong (S.A.R),Mandarin Chinese,2.9784172661870505,1.8394533919479976,13.379591836734694
381,Mandarin Chinese,mand1415,boredom,5.0,uc1.l0088545033,2004.0,4.920388120214922e-05,0.5453439535691698,101618.0,Hong Kong (S.A.R),Mandarin Chinese,3.050359712230216,1.90089125171034,13.379591836734694
382,Mandarin Chinese,mand1415,compassion,9.0,uc1.l0088545033,2004.0,8.85669861638686e-05,-1.569685263104065,101618.0,Hong Kong (S.A.R),Mandarin Chinese,3.323741007194245,1.6161137288602472,13.379591836734694
383,Mandarin Chinese,mand1415,confusion,19.0,uc1.l0088545033,2004.0,0.0001869747485681,-2.766751578051359,101618.0,Hong Kong (S.A.R),Mandarin Chinese,2.539568345323741,1.686546024715446,13.379591836734694
384,Mandarin Chinese,mand1415,determination,8.0,uc1.l0088545033,2004.0,7.872620992343876e-05,-1.1317492964337814,101618.0,Hong Kong (S.A.R),Mandarin Chinese,3.366906474820144,1.4897907882111945,13.379591836734694
385,Mandarin Chinese,mand1415,disgust,3.0,uc1.l0088545033,2004.0,2.952232872128953e-05,-2.9570269501055586,101618.0,Hong Kong (S.A.R),Mandarin Chinese,2.7338129496402876,1.7757445450842042,13.379591836734694
386,Mandarin Chinese,mand1415,fear,89.0,uc1.l0088545033,2004.0,0.0008758290853982,-0.0201813658190804,101618.0,Hong Kong (S.A.R),Mandarin Chinese,2.633093525179856,1.76579367913599,13.379591836734694
387,Mandarin Chinese,mand1415,frustration,7.0,uc1.l0088545033,2004.0,6.888543368300891e-05,1.4445981787833289,101618.0,Hong Kong (S.A.R),Mandarin Chinese,2.431654676258993,1.8139969469008639,13.379591836734694
388,Mandarin Chinese,mand1415,gratitude,20.0,uc1.l0088545033,2004.0,0.0001968155248085,2.5934970188105457,101618.0,Hong Kong (S.A.R),Mandarin Chinese,3.316546762589928,1.5512312604902119,13.379591836734694
389,Mandarin Chinese,mand1415,hope,20.0,uc1.l0088545033,2004.0,0.0001968155248085,1.984624827434793,101618.0,Hong Kong (S.A.R),Mandarin Chinese,3.2517985611510793,1.469957729747455,13.379591836734694
390,Mandarin Chinese,mand1415,loneliness,4.0,uc1.l0088545033,2004.0,3.936310496171938e-05,-0.3445341926178448,101618.0,Hong Kong (S.A.R),Mandarin Chinese,2.3453237410071943,1.9099746952410823,13.379591836734694
391,Mandarin Chinese,mand1415,love,176.0,uc1.l0088545033,2004.0,0.0017319766183156,4.113459597488353,101618.0,Hong Kong (S.A.R),Mandarin Chinese,3.5107913669064748,1.4908751756904892,13.379591836734694
392,Mandarin Chinese,mand1415,pleasure,52.0,uc1.l0088545033,2004.0,0.0005117203645023,-1.7411321277522616,101618.0,Hong Kong (S.A.R),Mandarin Chinese,3.3093525179856114,1.4287367525768713,13.379591836734694
393,Mandarin Chinese,mand1415,regret,48.0,uc1.l0088545033,2004.0,0.0004723572595406,5.141359745543163,101618.0,Hong Kong (S.A.R),Mandarin Chinese,1.9568345323741008,1.7850851625733308,13.379591836734694
394,Mandarin Chinese,mand1415,relief,28.0,uc1.l0088545033,2004.0,0.000275541734732,1.3970257215986503,101618.0,Hong Kong (S.A.R),Mandarin Chinese,1.9136690647482015,1.5810563996782698,13.379591836734694
395,Mandarin Chinese,mand1415,sadness,7.0,uc1.l0088545033,2004.0,6.888543368300891e-05,-1.0735477718819448,101618.0,Hong Kong (S.A.R),Mandarin Chinese,2.618705035971223,1.7503444110498068,13.379591836734694
396,Mandarin Chinese,mand1415,admiration,24.0,uc1.l0088545033,2004.0,0.0002361786297703,3.6528241702830857,101618.0,Taiwan,Mandarin Chinese,3.9933065595716197,1.6605203377117175,13.379591836734694
397,Mandarin Chinese,mand1415,anger,59.0,uc1.l0088545033,2004.0,0.0005806057981853,-0.995819995195736,101618.0,Taiwan,Mandarin Chinese,1.9075067024128687,1.701408008493088,13.379591836734694
398,Mandarin Chinese,mand1415,anxiety,33.0,uc1.l0088545033,2004.0,0.0003247456159341,1.855675562220212,101618.0,Taiwan,Mandarin Chinese,2.7064343163538873,1.73193809090089,13.379591836734694
399,Mandarin Chinese,mand1415,boredom,5.0,uc1.l0088545033,2004.0,4.920388120214922e-05,0.5453439535691698,101618.0,Taiwan,Mandarin Chinese,2.0174029451137887,1.7789255431545832,13.379591836734694
400,Mandarin Chinese,mand1415,compassion,9.0,uc1.l0088545033,2004.0,8.85669861638686e-05,-1.569685263104065,101618.0,Taiwan,Mandarin Chinese,3.722520107238606,1.6284227400771962,13.379591836734694
401,Mandarin Chinese,mand1415,confusion,19.0,uc1.l0088545033,2004.0,0.0001869747485681,-2.766751578051359,101618.0,Taiwan,Mandarin Chinese,2.0603217158176945,1.5903591771884067,13.379591836734694
402,Mandarin Chinese,mand1415,determination,8.0,uc1.l0088545033,2004.0,7.872620992343876e-05,-1.1317492964337814,101618.0,Taiwan,Mandarin Chinese,3.695710455764075,1.5404724601937432,13.379591836734694
403,Mandarin Chinese,mand1415,disgust,3.0,uc1.l0088545033,2004.0,2.952232872128953e-05,-2.9570269501055586,101618.0,Taiwan,Mandarin Chinese,1.8393574297188755,1.6220344734927021,13.379591836734694
404,Mandarin Chinese,mand1415,fear,89.0,uc1.l0088545033,2004.0,0.0008758290853982,-0.0201813658190804,101618.0,Taiwan,Mandarin Chinese,1.9906166219839143,1.625689039812439,13.379591836734694
405,Mandarin Chinese,mand1415,frustration,7.0,uc1.l0088545033,2004.0,6.888543368300891e-05,1.4445981787833289,101618.0,Taiwan,Mandarin Chinese,1.8420348058902276,1.6387401601412732,13.379591836734694
406,Mandarin Chinese,mand1415,gratitude,20.0,uc1.l0088545033,2004.0,0.0001968155248085,2.5934970188105457,101618.0,Taiwan,Mandarin Chinese,4.334672021419009,1.553484362890177,13.379591836734694
407,Mandarin Chinese,mand1415,hope,20.0,uc1.l0088545033,2004.0,0.0001968155248085,1.984624827434793,101618.0,Taiwan,Mandarin Chinese,4.053547523427041,1.4844403441947671,13.379591836734694
408,Mandarin Chinese,mand1415,loneliness,4.0,uc1.l0088545033,2004.0,3.936310496171938e-05,-0.3445341926178448,101618.0,Taiwan,Mandarin Chinese,1.605087014725569,1.6408412923173843,13.379591836734694
409,Mandarin Chinese,mand1415,love,176.0,uc1.l0088545033,2004.0,0.0017319766183156,4.113459597488353,101618.0,Taiwan,Mandarin Chinese,4.242302543507363,1.4558485358316187,13.379591836734694
410,Mandarin Chinese,mand1415,pleasure,52.0,uc1.l0088545033,2004.0,0.0005117203645023,-1.7411321277522616,101618.0,Taiwan,Mandarin Chinese,3.3989290495314592,1.6901858105095287,13.379591836734694
411,Mandarin Chinese,mand1415,regret,48.0,uc1.l0088545033,2004.0,0.0004723572595406,5.141359745543163,101618.0,Taiwan,Mandarin Chinese,1.2158176943699732,1.4665182028202948,13.379591836734694
412,Mandarin Chinese,mand1415,relief,28.0,uc1.l0088545033,2004.0,0.000275541734732,1.3970257215986503,101618.0,Taiwan,Mandarin Chinese,1.8795180722891567,1.5955520557501761,13.379591836734694
413,Mandarin Chinese,mand1415,sadness,7.0,uc1.l0088545033,2004.0,6.888543368300891e-05,-1.0735477718819448,101618.0,Taiwan,Mandarin Chinese,1.9624161073825503,1.6522010616530003,13.379591836734694
414,Marathi,mara1378,admiration,5.0,mdp.39015055371309,1965.0,0.0001268713524486,0.3408040428517814,39410.0,India,Marathi,3.5,1.7684096604782291,7.536813922356091
415,Marathi,mara1378,anger,43.0,mdp.39015055371309,1965.0,0.0010910936310581,2.624023349101779,39410.0,India,Marathi,2.3454545454545452,1.887759614897078,7.536813922356091
416,Marathi,mara1378,anxiety,13.0,mdp.39015055371309,1965.0,0.0003298655163664,0.9938790350653046,39410.0,India,Marathi,3.232142857142857,1.6291779458428655,7.536813922356091
417,Marathi,mara1378,boredom,4.0,mdp.39015055371309,1965.0,0.0001014970819588,1.954878582550653,39410.0,India,Marathi,2.482142857142857,1.828969619794126,7.536813922356091
418,Marathi,mara1378,compassion,7.0,mdp.39015055371309,1965.0,0.000177619893428,0.3243222798528742,39410.0,India,Marathi,3.9464285714285716,1.6339538533279314,7.536813922356091
419,Marathi,mara1378,confusion,22.0,mdp.39015055371309,1965.0,0.0005582339507739,1.7036245732262876,39410.0,India,Marathi,1.6607142857142858,1.7609582692312797,7.536813922356091
420,Marathi,mara1378,determination,6.0,mdp.39015055371309,1965.0,0.0001522456229383,0.5440005630765532,39410.0,India,Marathi,3.6607142857142856,1.8807811308968572,7.536813922356091
421,Marathi,mara1378,disgust,7.0,mdp.39015055371309,1965.0,0.000177619893428,0.1382682128171078,39410.0,India,Marathi,1.0178571428571428,1.4584059969528553,7.536813922356091
422,Marathi,mara1378,fear,48.0,mdp.39015055371309,1965.0,0.0012179649835067,1.5702358103214915,39410.0,India,Marathi,2.0535714285714284,1.8917970567415796,7.536813922356091
423,Marathi,mara1378,frustration,0.0,mdp.39015055371309,1965.0,0.0,0.0,0.0,India,Marathi,1.8392857142857142,1.9612313916079795,7.536813922356091
424,Marathi,mara1378,gratitude,3.0,mdp.39015055371309,1965.0,7.612281146917026e-05,-0.5138860041055785,39410.0,India,Marathi,4.017857142857143,1.80394589143377,7.536813922356091
425,Marathi,mara1378,hope,10.0,mdp.39015055371309,1965.0,0.0002537427048972,2.059811444826029,39410.0,India,Marathi,4.053571428571429,1.7100732877133218,7.536813922356091
426,Marathi,mara1378,loneliness,1.0,mdp.39015055371309,1965.0,2.537427048972342e-05,-0.3337066420874043,39410.0,India,Marathi,1.8571428571428572,1.8333136559353287,7.536813922356091
427,Marathi,mara1378,love,35.0,mdp.39015055371309,1965.0,0.0008880994671403,-2.6937417067272293,39410.0,India,Marathi,4.109090909090909,1.6518533617181428,7.536813922356091
428,Marathi,mara1378,pleasure,49.0,mdp.39015055371309,1965.0,0.0012433392539964,3.795451549800496,39410.0,India,Marathi,3.4545454545454546,1.9419175500117842,7.536813922356091
429,Marathi,mara1378,regret,21.0,mdp.39015055371309,1965.0,0.0005328596802841,3.606244908301896,39410.0,India,Marathi,1.2545454545454546,1.7236715960541236,7.536813922356091
430,Marathi,mara1378,relief,13.0,mdp.39015055371309,1965.0,0.0003298655163664,1.3684602377690305,39410.0,India,Marathi,1.8035714285714286,1.8332251050305537,7.536813922356091
431,Marathi,mara1378,sadness,11.0,mdp.39015055371309,1965.0,0.0002791169753869,2.9772763987901847,39410.0,India,Marathi,2.381818181818182,2.0229324981956003,7.536813922356091
432,Persian,west2369,admiration,7.0,mdp.49015002913532,1986.0,0.0001047418114348,-0.082627521809031,66831.0,Iran,Persian,2.347826086956522,1.7457820056121074,9.822310405643739
433,Persian,west2369,anger,43.0,mdp.49015002913532,1986.0,0.0006434139845281,-0.4006625222427605,66831.0,Iran,Persian,3.1837837837837837,1.870467494678442,9.822310405643739
434,Persian,west2369,anxiety,22.0,mdp.49015002913532,1986.0,0.0003291885502236,1.4668474906047562,66831.0,Iran,Persian,3.5376344086021505,1.8862755511350005,9.822310405643739
435,Persian,west2369,boredom,2.0,mdp.49015002913532,1986.0,2.9926231838518053e-05,-0.1591506072343356,66831.0,Iran,Persian,3.661290322580645,2.0076358159066716,9.822310405643739
436,Persian,west2369,compassion,16.0,mdp.49015002913532,1986.0,0.0002394098547081,1.698901049309366,66831.0,Iran,Persian,3.770053475935829,1.7056394434649562,9.822310405643739
437,Persian,west2369,confusion,14.0,mdp.49015002913532,1986.0,0.0002094836228696,-2.045255115374249,66831.0,Iran,Persian,3.5401069518716577,1.9598787512707503,9.822310405643739
438,Persian,west2369,determination,3.0,mdp.49015002913532,1986.0,4.488934775777708e-05,-1.6197185246801038,66831.0,Iran,Persian,3.2903225806451615,1.6012201102050887,9.822310405643739
439,Persian,west2369,disgust,7.0,mdp.49015002913532,1986.0,0.0001047418114348,-1.1513788473082514,66831.0,Iran,Persian,3.0806451612903225,2.0714146133586873,9.822310405643739
440,Persian,west2369,fear,54.0,mdp.49015002913532,1986.0,0.0008080082596399,-0.8620477378108496,66831.0,Iran,Persian,2.972972972972973,1.9292723127838303,9.822310405643739
441,Persian,west2369,frustration,1.0,mdp.49015002913532,1986.0,1.4963115919259028e-05,-0.7018817802129197,66831.0,Iran,Persian,3.0054054054054054,1.9181549595597491,9.822310405643739
442,Persian,west2369,gratitude,16.0,mdp.49015002913532,1986.0,0.0002394098547081,3.0220562210284427,66831.0,Iran,Persian,3.150537634408602,1.928148455421305,9.822310405643739
443,Persian,west2369,hope,5.0,mdp.49015002913532,1986.0,7.481557959629513e-05,-1.0793269434824198,66831.0,Iran,Persian,3.0486486486486486,1.8006070265121128,9.822310405643739
444,Persian,west2369,loneliness,3.0,mdp.49015002913532,1986.0,4.488934775777708e-05,0.0020463147764029,66831.0,Iran,Persian,2.9408602150537635,2.0326383631845797,9.822310405643739
445,Persian,west2369,love,89.0,mdp.49015002913532,1986.0,0.001331717316814,0.1080393650031438,66831.0,Iran,Persian,2.983957219251337,2.0066447034544765,9.822310405643739
446,Persian,west2369,pleasure,50.0,mdp.49015002913532,1986.0,0.0007481557959629,0.7184873194430904,66831.0,Iran,Persian,3.467391304347826,1.7079120730654955,9.822310405643739
447,Persian,west2369,regret,24.0,mdp.49015002913532,1986.0,0.0003591147820622,2.2039138817222907,66831.0,Iran,Persian,2.6594594594594594,1.999382983553581,9.822310405643739
448,Persian,west2369,relief,35.0,mdp.49015002913532,1986.0,0.000523709057174,5.1188156000327325,66831.0,Iran,Persian,2.8532608695652173,1.690600894690142,9.822310405643739
449,Persian,west2369,sadness,8.0,mdp.49015002913532,1986.0,0.000119704927354,0.3489468774307686,66831.0,Iran,Persian,3.556149732620321,1.8810892917924351,9.822310405643739
450,Russian,russ1263,admiration,2.0,mdp.39015046500511,1999.0,6.488871585231328e-05,-0.6096967596077437,30822.0,Kazakhstan,Russian,2.4388489208633093,1.9584680814836293,4.357082273112807
451,Russian,russ1263,anger,9.0,mdp.39015046500511,1999.0,0.0002919992213354,-2.7960002921878555,30822.0,Kazakhstan,Russian,2.5519713261648747,1.977386924588753,4.357082273112807
452,Russian,russ1263,anxiety,4.0,mdp.39015046500511,1999.0,0.0001297774317046,-1.256602065355523,30822.0,Kazakhstan,Russian,3.118279569892473,2.011743198954066,4.357082273112807
453,Russian,russ1263,boredom,4.0,mdp.39015046500511,1999.0,0.0001297774317046,2.405940630642487,30822.0,Kazakhstan,Russian,2.5017921146953404,2.121955376179893,4.357082273112807
454,Russian,russ1263,compassion,2.0,mdp.39015046500511,1999.0,6.488871585231328e-05,-1.1503799904497063,30822.0,Kazakhstan,Russian,3.6021505376344085,1.7556063431000595,4.357082273112807
455,Russian,russ1263,confusion,14.0,mdp.39015046500511,1999.0,0.0004542210109661,0.5026710770469658,30822.0,Kazakhstan,Russian,2.620071684587814,2.0265571316379107,4.357082273112807
456,Russian,russ1263,determination,2.0,mdp.39015046500511,1999.0,6.488871585231328e-05,-0.7614999949078911,30822.0,Kazakhstan,Russian,3.283154121863799,1.7838512459081093,4.357082273112807
457,Russian,russ1263,disgust,4.0,mdp.39015046500511,1999.0,0.0001297774317046,-0.4900874005210027,30822.0,Kazakhstan,Russian,1.5232974910394266,1.83843709654242,4.357082273112807
458,Russian,russ1263,fear,10.0,mdp.39015046500511,1999.0,0.0003244435792615,-3.54207744729496,30822.0,Kazakhstan,Russian,2.276978417266187,1.9797464209411404,4.357082273112807
459,Russian,russ1263,frustration,2.0,mdp.39015046500511,1999.0,6.488871585231328e-05,0.9815337026269356,30822.0,Kazakhstan,Russian,2.6021505376344085,2.07835600989715,4.357082273112807
460,Russian,russ1263,gratitude,2.0,mdp.39015046500511,1999.0,6.488871585231328e-05,-0.5936326303489353,30822.0,Kazakhstan,Russian,3.3763440860215055,1.8693705620997454,4.357082273112807
461,Russian,russ1263,hope,1.0,mdp.39015046500511,1999.0,3.244435792615664e-05,-1.2463939565604425,30822.0,Kazakhstan,Russian,3.759856630824373,1.7699636161212247,4.357082273112807
462,Russian,russ1263,loneliness,2.0,mdp.39015046500511,1999.0,6.488871585231328e-05,0.6429098602699884,30822.0,Kazakhstan,Russian,2.039568345323741,2.156816704487449,4.357082273112807
463,Russian,russ1263,love,20.0,mdp.39015046500511,1999.0,0.0006488871585231,-3.602960384404936,30822.0,Kazakhstan,Russian,3.716845878136201,2.0273585823639464,4.357082273112807
464,Russian,russ1263,pleasure,11.0,mdp.39015046500511,1999.0,0.0003568879371877,-2.3846344220973146,30822.0,Kazakhstan,Russian,3.1299638989169676,1.8604593671088343,4.357082273112807
465,Russian,russ1263,regret,6.0,mdp.39015046500511,1999.0,0.0001946661475569,-0.4598462252685889,30822.0,Kazakhstan,Russian,2.773381294964029,2.002456092608712,4.357082273112807
466,Russian,russ1263,relief,7.0,mdp.39015046500511,1999.0,0.000227110505483,0.0231316022526671,30822.0,Kazakhstan,Russian,2.624548736462094,1.812749801468709,4.357082273112807
467,Russian,russ1263,sadness,2.0,mdp.39015046500511,1999.0,6.488871585231328e-05,-0.5615041094686961,30822.0,Kazakhstan,Russian,3.028673835125448,1.9133858359626728,4.357082273112807
468,Russian,russ1263,admiration,2.0,mdp.39015046500511,1999.0,6.488871585231328e-05,-0.6096967596077437,30822.0,Russia,Russian,2.5530434782608697,1.7748397257536566,4.357082273112807
469,Russian,russ1263,anger,9.0,mdp.39015046500511,1999.0,0.0002919992213354,-2.7960002921878555,30822.0,Russia,Russian,2.502608695652174,1.856219457429612,4.357082273112807
470,Russian,russ1263,anxiety,4.0,mdp.39015046500511,1999.0,0.0001297774317046,-1.256602065355523,30822.0,Russia,Russian,3.345486111111111,1.7406886512746398,4.357082273112807
471,Russian,russ1263,boredom,4.0,mdp.39015046500511,1999.0,0.0001297774317046,2.405940630642487,30822.0,Russia,Russian,2.1180555555555554,1.9622401671125673,4.357082273112807
472,Russian,russ1263,compassion,2.0,mdp.39015046500511,1999.0,6.488871585231328e-05,-1.1503799904497063,30822.0,Russia,Russian,3.5572916666666665,1.6545638463773868,4.357082273112807
473,Russian,russ1263,confusion,14.0,mdp.39015046500511,1999.0,0.0004542210109661,0.5026710770469658,30822.0,Russia,Russian,2.578125,1.8093882583805,4.357082273112807
474,Russian,russ1263,determination,2.0,mdp.39015046500511,1999.0,6.488871585231328e-05,-0.7614999949078911,30822.0,Russia,Russian,3.0572916666666665,1.5798235316972424,4.357082273112807
475,Russian,russ1263,disgust,4.0,mdp.39015046500511,1999.0,0.0001297774317046,-0.4900874005210027,30822.0,Russia,Russian,1.6423611111111112,1.8246268892637074,4.357082273112807
476,Russian,russ1263,fear,10.0,mdp.39015046500511,1999.0,0.0003244435792615,-3.54207744729496,30822.0,Russia,Russian,2.394415357766143,1.7714036398145798,4.357082273112807
477,Russian,russ1263,frustration,2.0,mdp.39015046500511,1999.0,6.488871585231328e-05,0.9815337026269356,30822.0,Russia,Russian,2.7135416666666665,1.983292990699186,4.357082273112807
478,Russian,russ1263,gratitude,2.0,mdp.39015046500511,1999.0,6.488871585231328e-05,-0.5936326303489353,30822.0,Russia,Russian,3.417391304347826,1.6994701402978434,4.357082273112807
479,Russian,russ1263,hope,1.0,mdp.39015046500511,1999.0,3.244435792615664e-05,-1.2463939565604425,30822.0,Russia,Russian,3.5104166666666665,1.595612189997796,4.357082273112807
480,Russian,russ1263,loneliness,2.0,mdp.39015046500511,1999.0,6.488871585231328e-05,0.6429098602699884,30822.0,Russia,Russian,2.157986111111111,2.033896779856616,4.357082273112807
481,Russian,russ1263,love,20.0,mdp.39015046500511,1999.0,0.0006488871585231,-3.602960384404936,30822.0,Russia,Russian,3.736111111111111,1.7790514760931944,4.357082273112807
482,Russian,russ1263,pleasure,11.0,mdp.39015046500511,1999.0,0.0003568879371877,-2.3846344220973146,30822.0,Russia,Russian,3.3524305555555554,1.753236310480271,4.357082273112807
483,Russian,russ1263,regret,6.0,mdp.39015046500511,1999.0,0.0001946661475569,-0.4598462252685889,30822.0,Russia,Russian,2.8417391304347825,1.8167811740183606,4.357082273112807
484,Russian,russ1263,relief,7.0,mdp.39015046500511,1999.0,0.000227110505483,0.0231316022526671,30822.0,Russia,Russian,2.1010452961672472,1.7011131623039872,4.357082273112807
485,Russian,russ1263,sadness,2.0,mdp.39015046500511,1999.0,6.488871585231328e-05,-0.5615041094686961,30822.0,Russia,Russian,3.2881944444444446,1.7486191929993233,4.357082273112807
486,Serbian-Croatian-Bosnian,sout1528,admiration,5.0,mdp.39015012891506,1985.0,0.0001487254231238,0.6801086749042635,33619.0,Croatia,Serbian-Croatian-Bosnian,2.552581261950287,1.6800063944051167,5.450551232166018
487,Serbian-Croatian-Bosnian,sout1528,anger,20.0,mdp.39015012891506,1985.0,0.0005949016924953,-0.9413731256340334,33619.0,Croatia,Serbian-Croatian-Bosnian,3.141491395793499,1.7905293833464377,5.450551232166018
488,Serbian-Croatian-Bosnian,sout1528,anxiety,9.0,mdp.39015012891506,1985.0,0.0002677057616228,0.2144237918555349,33619.0,Croatia,Serbian-Croatian-Bosnian,3.5,1.8182209277907384,5.450551232166018
489,Serbian-Croatian-Bosnian,sout1528,boredom,3.0,mdp.39015012891506,1985.0,8.923525387429727e-05,1.579774518539894,33619.0,Croatia,Serbian-Croatian-Bosnian,3.0419847328244276,1.9928535494021973,5.450551232166018
490,Serbian-Croatian-Bosnian,sout1528,compassion,7.0,mdp.39015012891506,1985.0,0.0002082155923733,0.716131857137845,33619.0,Croatia,Serbian-Croatian-Bosnian,2.904397705544933,1.6500434716653767,5.450551232166018
491,Serbian-Croatian-Bosnian,sout1528,confusion,24.0,mdp.39015012891506,1985.0,0.0007138820309943,2.885361287688503,33619.0,Croatia,Serbian-Croatian-Bosnian,2.898854961832061,1.792079084067123,5.450551232166018
492,Serbian-Croatian-Bosnian,sout1528,determination,16.0,mdp.39015012891506,1985.0,0.0004759213539962,5.072570745710819,33619.0,Croatia,Serbian-Croatian-Bosnian,3.508604206500956,1.4388634836761272,5.450551232166018
493,Serbian-Croatian-Bosnian,sout1528,disgust,15.0,mdp.39015012891506,1985.0,0.0004461762693714,3.5200366403343546,33619.0,Croatia,Serbian-Croatian-Bosnian,1.7705544933078394,1.8027578591826225,5.450551232166018
494,Serbian-Croatian-Bosnian,sout1528,fear,19.0,mdp.39015012891506,1985.0,0.0005651566078705,-2.3849618269159154,33619.0,Croatia,Serbian-Croatian-Bosnian,2.739961759082218,1.8250254809721596,5.450551232166018
495,Serbian-Croatian-Bosnian,sout1528,frustration,2.0,mdp.39015012891506,1985.0,5.949016924953151e-05,0.8719136284369274,33619.0,Croatia,Serbian-Croatian-Bosnian,3.4302103250478013,1.8089828415979714,5.450551232166018
496,Serbian-Croatian-Bosnian,sout1528,gratitude,5.0,mdp.39015012891506,1985.0,0.0001487254231238,0.7028234696290507,33619.0,Croatia,Serbian-Croatian-Bosnian,3.931166347992352,1.5887065442584383,5.450551232166018
497,Serbian-Croatian-Bosnian,sout1528,hope,1.0,mdp.39015012891506,1985.0,2.974508462476576e-05,-1.3359380216735828,33619.0,Croatia,Serbian-Croatian-Bosnian,3.682600382409178,1.452512464240428,5.450551232166018
498,Serbian-Croatian-Bosnian,sout1528,loneliness,1.0,mdp.39015012891506,1985.0,2.974508462476576e-05,-0.1377850985574241,33619.0,Croatia,Serbian-Croatian-Bosnian,2.6927480916030535,1.9523640828356355,5.450551232166018
499,Serbian-Croatian-Bosnian,sout1528,love,0.0,mdp.39015012891506,1985.0,0.0,0.0,33619.0,Croatia,Serbian-Croatian-Bosnian,4.231357552581262,1.619449398022103,5.450551232166018
500,Serbian-Croatian-Bosnian,sout1528,pleasure,17.0,mdp.39015012891506,1985.0,0.000505666438621,-1.4686816537797265,33619.0,Croatia,Serbian-Croatian-Bosnian,4.009541984732825,1.505218640271796,5.450551232166018
501,Serbian-Croatian-Bosnian,sout1528,regret,9.0,mdp.39015012891506,1985.0,0.0002677057616228,0.3778602820023692,33619.0,Croatia,Serbian-Croatian-Bosnian,2.795801526717557,1.7132655095550533,5.450551232166018
502,Serbian-Croatian-Bosnian,sout1528,relief,11.0,mdp.39015012891506,1985.0,0.0003271959308724,1.2131057509120202,33619.0,Croatia,Serbian-Croatian-Bosnian,2.6405353728489485,1.5637296081930114,5.450551232166018
503,Serbian-Croatian-Bosnian,sout1528,sadness,9.0,mdp.39015012891506,1985.0,0.0002677057616228,2.580006839556988,33619.0,Croatia,Serbian-Croatian-Bosnian,2.9904580152671754,1.7594064541463001,5.450551232166018
504,Serbian-Croatian-Bosnian,sout1528,admiration,5.0,mdp.39015012891506,1985.0,0.0001487254231238,0.6801086749042635,33619.0,Serbia,Serbian-Croatian-Bosnian,2.7126436781609193,1.846614136446067,5.450551232166018
505,Serbian-Croatian-Bosnian,sout1528,anger,20.0,mdp.39015012891506,1985.0,0.0005949016924953,-0.9413731256340334,33619.0,Serbia,Serbian-Croatian-Bosnian,3.0485714285714285,1.9077389410965475,5.450551232166018
506,Serbian-Croatian-Bosnian,sout1528,anxiety,9.0,mdp.39015012891506,1985.0,0.0002677057616228,0.2144237918555349,33619.0,Serbia,Serbian-Croatian-Bosnian,3.194842406876791,1.8216062101516772,5.450551232166018
507,Serbian-Croatian-Bosnian,sout1528,boredom,3.0,mdp.39015012891506,1985.0,8.923525387429727e-05,1.579774518539894,33619.0,Serbia,Serbian-Croatian-Bosnian,2.606837606837607,2.0324113684724283,5.450551232166018
508,Serbian-Croatian-Bosnian,sout1528,compassion,7.0,mdp.39015012891506,1985.0,0.0002082155923733,0.716131857137845,33619.0,Serbia,Serbian-Croatian-Bosnian,4.312320916905444,1.4650693562270283,5.450551232166018
509,Serbian-Croatian-Bosnian,sout1528,confusion,24.0,mdp.39015012891506,1985.0,0.0007138820309943,2.885361287688503,33619.0,Serbia,Serbian-Croatian-Bosnian,2.6580459770114944,1.870680400855568,5.450551232166018
510,Serbian-Croatian-Bosnian,sout1528,determination,16.0,mdp.39015012891506,1985.0,0.0004759213539962,5.072570745710819,33619.0,Serbia,Serbian-Croatian-Bosnian,3.7942857142857145,1.5799501020634266,5.450551232166018
511,Serbian-Croatian-Bosnian,sout1528,disgust,15.0,mdp.39015012891506,1985.0,0.0004461762693714,3.5200366403343546,33619.0,Serbia,Serbian-Croatian-Bosnian,2.111428571428571,1.9759690130992975,5.450551232166018
512,Serbian-Croatian-Bosnian,sout1528,fear,19.0,mdp.39015012891506,1985.0,0.0005651566078705,-2.3849618269159154,33619.0,Serbia,Serbian-Croatian-Bosnian,2.4245014245014245,1.7854565544574608,5.450551232166018
513,Serbian-Croatian-Bosnian,sout1528,frustration,2.0,mdp.39015012891506,1985.0,5.949016924953151e-05,0.8719136284369274,33619.0,Serbia,Serbian-Croatian-Bosnian,2.742857142857143,1.9527785969930989,5.450551232166018
514,Serbian-Croatian-Bosnian,sout1528,gratitude,5.0,mdp.39015012891506,1985.0,0.0001487254231238,0.7028234696290507,33619.0,Serbia,Serbian-Croatian-Bosnian,3.543103448275862,1.8427781372272765,5.450551232166018
515,Serbian-Croatian-Bosnian,sout1528,hope,1.0,mdp.39015012891506,1985.0,2.974508462476576e-05,-1.3359380216735828,33619.0,Serbia,Serbian-Croatian-Bosnian,3.874285714285714,1.6380754059602842,5.450551232166018
516,Serbian-Croatian-Bosnian,sout1528,loneliness,1.0,mdp.39015012891506,1985.0,2.974508462476576e-05,-0.1377850985574241,33619.0,Serbia,Serbian-Croatian-Bosnian,2.1942857142857144,2.0005647994972096,5.450551232166018
517,Serbian-Croatian-Bosnian,sout1528,love,0.0,mdp.39015012891506,1985.0,0.0,0.0,33619.0,Serbia,Serbian-Croatian-Bosnian,4.239316239316239,1.6229580013027676,5.450551232166018
518,Serbian-Croatian-Bosnian,sout1528,pleasure,17.0,mdp.39015012891506,1985.0,0.000505666438621,-1.4686816537797265,33619.0,Serbia,Serbian-Croatian-Bosnian,3.5931232091690544,1.6645591523155578,5.450551232166018
519,Serbian-Croatian-Bosnian,sout1528,regret,9.0,mdp.39015012891506,1985.0,0.0002677057616228,0.3778602820023692,33619.0,Serbia,Serbian-Croatian-Bosnian,2.9656160458452723,1.9324716117750624,5.450551232166018
520,Serbian-Croatian-Bosnian,sout1528,relief,11.0,mdp.39015012891506,1985.0,0.0003271959308724,1.2131057509120202,33619.0,Serbia,Serbian-Croatian-Bosnian,2.334285714285714,1.6807425799744504,5.450551232166018
521,Serbian-Croatian-Bosnian,sout1528,sadness,9.0,mdp.39015012891506,1985.0,0.0002677057616228,2.580006839556988,33619.0,Serbia,Serbian-Croatian-Bosnian,2.9857549857549857,1.818106373541104,5.450551232166018
522,Spanish,stan1288,admiration,15.0,umn.31951d01452389x,2001.0,7.85607667530835e-05,-1.2251140925487964,190935.0,Chile,Spanish,2.8675213675213675,1.9010795562521425,23.96573365131166
523,Spanish,stan1288,anger,94.0,umn.31951d01452389x,2001.0,0.0004923141383193,-2.5443088359393813,190935.0,Chile,Spanish,3.6025641025641026,1.8933428528987994,23.96573365131166
524,Spanish,stan1288,anxiety,29.0,umn.31951d01452389x,2001.0,0.0001518841490559,-2.182196418216962,190935.0,Chile,Spanish,4.6950959488272925,1.4859733929431018,23.96573365131166
525,Spanish,stan1288,boredom,16.0,umn.31951d01452389x,2001.0,8.379815120328908e-05,2.7632029547901777,190935.0,Chile,Spanish,3.2025586353944564,2.031670678798297,23.96573365131166
526,Spanish,stan1288,compassion,11.0,umn.31951d01452389x,2001.0,5.761122895226124e-05,-3.138322461459808,190935.0,Chile,Spanish,3.893390191897655,1.693798082292812,23.96573365131166
527,Spanish,stan1288,confusion,53.0,umn.31951d01452389x,2001.0,0.0002775813758608,-1.5986289825493556,190935.0,Chile,Spanish,3.646680942184154,1.805275028956115,23.96573365131166
528,Spanish,stan1288,determination,35.0,umn.31951d01452389x,2001.0,0.0001833084557571,2.494462289148013,190935.0,Chile,Spanish,3.3704496788008567,1.7001086847152793,23.96573365131166
529,Spanish,stan1288,disgust,17.0,umn.31951d01452389x,2001.0,8.903553565349464e-05,-2.402870232805072,190935.0,Chile,Spanish,1.4136460554371002,1.7082959128141733,23.96573365131166
530,Spanish,stan1288,fear,127.0,umn.31951d01452389x,2001.0,0.0006651478251761,-2.73672617152447,190935.0,Chile,Spanish,3.5287846481876333,1.8367458957558025,23.96573365131166
531,Spanish,stan1288,frustration,12.0,umn.31951d01452389x,2001.0,6.28486134024668e-05,1.4561279141936208,190935.0,Chile,Spanish,4.119914346895075,1.7316077005775021,23.96573365131166
532,Spanish,stan1288,gratitude,17.0,umn.31951d01452389x,2001.0,8.903553565349464e-05,-0.7608520445075341,190935.0,Chile,Spanish,3.9401709401709404,1.781612475091626,23.96573365131166
533,Spanish,stan1288,hope,0.0,umn.31951d01452389x,2001.0,0.0,0.0,190935.0,Chile,Spanish,3.140724946695096,1.7076450480358785,23.96573365131166
534,Spanish,stan1288,loneliness,3.0,umn.31951d01452389x,2001.0,1.57121533506167e-05,-1.9379643817095151,190935.0,Chile,Spanish,2.8696581196581197,2.067930487122308,23.96573365131166
535,Spanish,stan1288,love,309.0,umn.31951d01452389x,2001.0,0.0016183517951135,4.880587439138286,190935.0,Chile,Spanish,4.1940298507462686,1.6815637332110314,23.96573365131166
536,Spanish,stan1288,pleasure,103.0,umn.31951d01452389x,2001.0,0.0005394505983711,-1.6028851809007698,190935.0,Chile,Spanish,3.463519313304721,1.701283404435262,23.96573365131166
537,Spanish,stan1288,regret,44.0,umn.31951d01452389x,2001.0,0.000230444915809,0.3911105402752945,190935.0,Chile,Spanish,2.3525641025641026,1.9691555832603707,23.96573365131166
538,Spanish,stan1288,relief,43.0,umn.31951d01452389x,2001.0,0.0002252075313588,0.5589476009878873,190935.0,Chile,Spanish,2.1049250535331905,1.5830775376080377,23.96573365131166
539,Spanish,stan1288,sadness,31.0,umn.31951d01452389x,2001.0,0.0001623589179563,2.3387733443409786,190935.0,Chile,Spanish,3.799145299145299,1.7456704829221732,23.96573365131166
540,Spanish,stan1288,admiration,15.0,umn.31951d01452389x,2001.0,7.85607667530835e-05,-1.2251140925487964,190935.0,Colombia,Spanish,3.4098360655737703,1.97402177201126,23.96573365131166
541,Spanish,stan1288,anger,94.0,umn.31951d01452389x,2001.0,0.0004923141383193,-2.5443088359393813,190935.0,Colombia,Spanish,2.9672131147540983,1.9621813895372708,23.96573365131166
542,Spanish,stan1288,anxiety,29.0,umn.31951d01452389x,2001.0,0.0001518841490559,-2.182196418216962,190935.0,Colombia,Spanish,4.122950819672131,1.7841259121173536,23.96573365131166
543,Spanish,stan1288,boredom,16.0,umn.31951d01452389x,2001.0,8.379815120328908e-05,2.7632029547901777,190935.0,Colombia,Spanish,3.319672131147541,2.03387182544953,23.96573365131166
544,Spanish,stan1288,compassion,11.0,umn.31951d01452389x,2001.0,5.761122895226124e-05,-3.138322461459808,190935.0,Colombia,Spanish,4.024590163934426,1.678562523320427,23.96573365131166
545,Spanish,stan1288,confusion,53.0,umn.31951d01452389x,2001.0,0.0002775813758608,-1.5986289825493556,190935.0,Colombia,Spanish,2.9836065573770494,2.0081799932391275,23.96573365131166
546,Spanish,stan1288,determination,35.0,umn.31951d01452389x,2001.0,0.0001833084557571,2.494462289148013,190935.0,Colombia,Spanish,3.8181818181818183,1.6532795690182993,23.96573365131166
547,Spanish,stan1288,disgust,17.0,umn.31951d01452389x,2001.0,8.903553565349464e-05,-2.402870232805072,190935.0,Colombia,Spanish,1.1475409836065573,1.604086368254172,23.96573365131166
548,Spanish,stan1288,fear,127.0,umn.31951d01452389x,2001.0,0.0006651478251761,-2.73672617152447,190935.0,Colombia,Spanish,3.0245901639344264,1.9432575307061735,23.96573365131166
549,Spanish,stan1288,frustration,12.0,umn.31951d01452389x,2001.0,6.28486134024668e-05,1.4561279141936208,190935.0,Colombia,Spanish,3.4098360655737703,1.8971666493003319,23.96573365131166
550,Spanish,stan1288,gratitude,17.0,umn.31951d01452389x,2001.0,8.903553565349464e-05,-0.7608520445075341,190935.0,Colombia,Spanish,4.418032786885246,1.6304953561277478,23.96573365131166
551,Spanish,stan1288,hope,0.0,umn.31951d01452389x,2001.0,0.0,0.0,190935.0,Colombia,Spanish,3.942622950819672,1.8331167530227608,23.96573365131166
552,Spanish,stan1288,loneliness,3.0,umn.31951d01452389x,2001.0,1.57121533506167e-05,-1.9379643817095151,190935.0,Colombia,Spanish,2.5785123966942147,2.1708372659556283,23.96573365131166
553,Spanish,stan1288,love,309.0,umn.31951d01452389x,2001.0,0.0016183517951135,4.880587439138286,190935.0,Colombia,Spanish,4.549180327868853,1.6063019436442405,23.96573365131166
554,Spanish,stan1288,pleasure,103.0,umn.31951d01452389x,2001.0,0.0005394505983711,-1.6028851809007698,190935.0,Colombia,Spanish,3.7049180327868854,1.6648456836147434,23.96573365131166
555,Spanish,stan1288,regret,44.0,umn.31951d01452389x,2001.0,0.000230444915809,0.3911105402752945,190935.0,Colombia,Spanish,1.721311475409836,1.6019734476496994,23.96573365131166
556,Spanish,stan1288,relief,43.0,umn.31951d01452389x,2001.0,0.0002252075313588,0.5589476009878873,190935.0,Colombia,Spanish,2.581967213114754,1.7760582408663272,23.96573365131166
557,Spanish,stan1288,sadness,31.0,umn.31951d01452389x,2001.0,0.0001623589179563,2.3387733443409786,190935.0,Colombia,Spanish,3.459016393442623,1.9162098479934853,23.96573365131166
558,Spanish,stan1288,admiration,15.0,umn.31951d01452389x,2001.0,7.85607667530835e-05,-1.2251140925487964,190935.0,Peru,Spanish,3.706161137440758,1.8845006797574575,23.96573365131166
559,Spanish,stan1288,anger,94.0,umn.31951d01452389x,2001.0,0.0004923141383193,-2.5443088359393813,190935.0,Peru,Spanish,2.457943925233645,1.9538351540105503,23.96573365131166
560,Spanish,stan1288,anxiety,29.0,umn.31951d01452389x,2001.0,0.0001518841490559,-2.182196418216962,190935.0,Peru,Spanish,3.5906976744186045,1.6910724841028821,23.96573365131166
561,Spanish,stan1288,boredom,16.0,umn.31951d01452389x,2001.0,8.379815120328908e-05,2.7632029547901777,190935.0,Peru,Spanish,2.3457943925233646,1.9287924838587498,23.96573365131166
562,Spanish,stan1288,compassion,11.0,umn.31951d01452389x,2001.0,5.761122895226124e-05,-3.138322461459808,190935.0,Peru,Spanish,4.4837209302325585,1.5003006291510068,23.96573365131166
563,Spanish,stan1288,confusion,53.0,umn.31951d01452389x,2001.0,0.0002775813758608,-1.5986289825493556,190935.0,Peru,Spanish,2.532710280373832,1.9151864396885894,23.96573365131166
564,Spanish,stan1288,determination,35.0,umn.31951d01452389x,2001.0,0.0001833084557571,2.494462289148013,190935.0,Peru,Spanish,3.939252336448598,1.4570699912844125,23.96573365131166
565,Spanish,stan1288,disgust,17.0,umn.31951d01452389x,2001.0,8.903553565349464e-05,-2.402870232805072,190935.0,Peru,Spanish,1.213953488372093,1.6857818557323123,23.96573365131166
566,Spanish,stan1288,fear,127.0,umn.31951d01452389x,2001.0,0.0006651478251761,-2.73672617152447,190935.0,Peru,Spanish,2.868544600938967,1.8278754148462872,23.96573365131166
567,Spanish,stan1288,frustration,12.0,umn.31951d01452389x,2001.0,6.28486134024668e-05,1.4561279141936208,190935.0,Peru,Spanish,3.181395348837209,1.9881959856986837,23.96573365131166
568,Spanish,stan1288,gratitude,17.0,umn.31951d01452389x,2001.0,8.903553565349464e-05,-0.7608520445075341,190935.0,Peru,Spanish,4.855140186915888,1.3848769810188313,23.96573365131166
569,Spanish,stan1288,hope,0.0,umn.31951d01452389x,2001.0,0.0,0.0,190935.0,Peru,Spanish,3.8551401869158877,1.4862584111662434,23.96573365131166
570,Spanish,stan1288,loneliness,3.0,umn.31951d01452389x,2001.0,1.57121533506167e-05,-1.9379643817095151,190935.0,Peru,Spanish,1.6046511627906976,1.7204044145800679,23.96573365131166
571,Spanish,stan1288,love,309.0,umn.31951d01452389x,2001.0,0.0016183517951135,4.880587439138286,190935.0,Peru,Spanish,4.827102803738318,1.2939055478846064,23.96573365131166
572,Spanish,stan1288,pleasure,103.0,umn.31951d01452389x,2001.0,0.0005394505983711,-1.6028851809007698,190935.0,Peru,Spanish,3.613953488372093,1.8732725868763596,23.96573365131166
573,Spanish,stan1288,regret,44.0,umn.31951d01452389x,2001.0,0.000230444915809,0.3911105402752945,190935.0,Peru,Spanish,1.4697674418604652,1.6170145104396545,23.96573365131166
574,Spanish,stan1288,relief,43.0,umn.31951d01452389x,2001.0,0.0002252075313588,0.5589476009878873,190935.0,Peru,Spanish,2.708920187793427,1.6106266383393348,23.96573365131166
575,Spanish,stan1288,sadness,31.0,umn.31951d01452389x,2001.0,0.0001623589179563,2.3387733443409786,190935.0,Peru,Spanish,3.0651162790697675,1.7682141210851083,23.96573365131166
576,Spanish,stan1288,admiration,15.0,umn.31951d01452389x,2001.0,7.85607667530835e-05,-1.2251140925487964,190935.0,Spain,Spanish,3.4285714285714284,1.9944979263017495,23.96573365131166
577,Spanish,stan1288,anger,94.0,umn.31951d01452389x,2001.0,0.0004923141383193,-2.5443088359393813,190935.0,Spain,Spanish,2.723809523809524,2.063861383311343,23.96573365131166
578,Spanish,stan1288,anxiety,29.0,umn.31951d01452389x,2001.0,0.0001518841490559,-2.182196418216962,190935.0,Spain,Spanish,3.451923076923077,1.805492201897524,23.96573365131166
579,Spanish,stan1288,boredom,16.0,umn.31951d01452389x,2001.0,8.379815120328908e-05,2.7632029547901777,190935.0,Spain,Spanish,2.142857142857143,1.9286731759891873,23.96573365131166
580,Spanish,stan1288,compassion,11.0,umn.31951d01452389x,2001.0,5.761122895226124e-05,-3.138322461459808,190935.0,Spain,Spanish,3.9711538461538463,1.7429844440551026,23.96573365131166
581,Spanish,stan1288,confusion,53.0,umn.31951d01452389x,2001.0,0.0002775813758608,-1.5986289825493556,190935.0,Spain,Spanish,2.761904761904762,1.8939367299348568,23.96573365131166
582,Spanish,stan1288,determination,35.0,umn.31951d01452389x,2001.0,0.0001833084557571,2.494462289148013,190935.0,Spain,Spanish,3.4615384615384617,1.773171569809892,23.96573365131166
583,Spanish,stan1288,disgust,17.0,umn.31951d01452389x,2001.0,8.903553565349464e-05,-2.402870232805072,190935.0,Spain,Spanish,1.5142857142857142,1.9370590600696203,23.96573365131166
584,Spanish,stan1288,fear,127.0,umn.31951d01452389x,2001.0,0.0006651478251761,-2.73672617152447,190935.0,Spain,Spanish,2.3714285714285714,1.7718804811725988,23.96573365131166
585,Spanish,stan1288,frustration,12.0,umn.31951d01452389x,2001.0,6.28486134024668e-05,1.4561279141936208,190935.0,Spain,Spanish,3.2285714285714286,1.9127966982382647,23.96573365131166
586,Spanish,stan1288,gratitude,17.0,umn.31951d01452389x,2001.0,8.903553565349464e-05,-0.7608520445075341,190935.0,Spain,Spanish,4.029126213592233,1.7003823715282838,23.96573365131166
587,Spanish,stan1288,hope,0.0,umn.31951d01452389x,2001.0,0.0,0.0,190935.0,Spain,Spanish,3.701923076923077,1.6539438462210796,23.96573365131166
588,Spanish,stan1288,loneliness,3.0,umn.31951d01452389x,2001.0,1.57121533506167e-05,-1.9379643817095151,190935.0,Spain,Spanish,1.9714285714285715,2.011778503526854,23.96573365131166
589,Spanish,stan1288,love,309.0,umn.31951d01452389x,2001.0,0.0016183517951135,4.880587439138286,190935.0,Spain,Spanish,4.380952380952381,1.7725522254482073,23.96573365131166
590,Spanish,stan1288,pleasure,103.0,umn.31951d01452389x,2001.0,0.0005394505983711,-1.6028851809007698,190935.0,Spain,Spanish,3.2666666666666666,1.77193216285037,23.96573365131166
591,Spanish,stan1288,regret,44.0,umn.31951d01452389x,2001.0,0.000230444915809,0.3911105402752945,190935.0,Spain,Spanish,1.4285714285714286,1.6632749371296127,23.96573365131166
592,Spanish,stan1288,relief,43.0,umn.31951d01452389x,2001.0,0.0002252075313588,0.5589476009878873,190935.0,Spain,Spanish,2.1142857142857143,1.7170764829650562,23.96573365131166
593,Spanish,stan1288,sadness,31.0,umn.31951d01452389x,2001.0,0.0001623589179563,2.3387733443409786,190935.0,Spain,Spanish,3.066666666666667,1.7335305607713423,23.96573365131166
594,Standard Malay,stan1306,admiration,15.0,mdp.39015022909470,1992.0,0.0001048753032644,-0.1485916932557913,143027.0,Malaysia,Standard Malay,3.793548387096774,1.5487606029051162,18.97664853389943
595,Standard Malay,stan1306,anger,138.0,mdp.39015022909470,1992.0,0.0009648527900326,4.57700756174444,143027.0,Malaysia,Standard Malay,2.5612903225806454,1.79133510018073,18.97664853389943
596,Standard Malay,stan1306,anxiety,37.0,mdp.39015022909470,1992.0,0.0002586924147188,0.6591073789537449,143027.0,Malaysia,Standard Malay,3.6580645161290324,1.5808870996325661,18.97664853389943
597,Standard Malay,stan1306,boredom,3.0,mdp.39015022909470,1992.0,2.097506065288372e-05,-1.010035042981387,143027.0,Malaysia,Standard Malay,3.1225806451612903,2.039657100895477,18.97664853389943
598,Standard Malay,stan1306,compassion,2.0,mdp.39015022909470,1992.0,1.3983373768589148e-05,-3.504149112386898,143027.0,Malaysia,Standard Malay,4.432258064516129,1.3044347675680776,18.97664853389943
599,Standard Malay,stan1306,confusion,18.0,mdp.39015022909470,1992.0,0.0001258503639173,-4.326698991798542,143027.0,Malaysia,Standard Malay,2.1225806451612903,1.7257992083134022,18.97664853389943
600,Standard Malay,stan1306,determination,28.0,mdp.39015022909470,1992.0,0.0001957672327602,2.5258454341680374,143027.0,Malaysia,Standard Malay,3.8451612903225807,1.372938527789658,18.97664853389943
601,Standard Malay,stan1306,disgust,15.0,mdp.39015022909470,1992.0,0.0001048753032644,-1.6594981975936955,143027.0,Malaysia,Standard Malay,2.2451612903225806,1.9484990409999035,18.97664853389943
602,Standard Malay,stan1306,fear,133.0,mdp.39015022909470,1992.0,0.0009298943556111,0.846019402877574,143027.0,Malaysia,Standard Malay,2.503225806451613,1.7851268409529732,18.97664853389943
603,Standard Malay,stan1306,frustration,7.0,mdp.39015022909470,1992.0,4.894180819006202e-05,0.5330058704796533,143027.0,Malaysia,Standard Malay,2.412903225806452,1.6894904202700682,18.97664853389943
604,Standard Malay,stan1306,gratitude,8.0,mdp.39015022909470,1992.0,5.593349507435659e-05,-1.808750639691676,143027.0,Malaysia,Standard Malay,3.1225806451612903,1.8493083434012856,18.97664853389943
605,Standard Malay,stan1306,hope,62.0,mdp.39015022909470,1992.0,0.0004334845868262,9.562034830066525,143027.0,Malaysia,Standard Malay,4.425806451612903,1.476870977564963,18.97664853389943
606,Standard Malay,stan1306,loneliness,3.0,mdp.39015022909470,1992.0,2.097506065288372e-05,-1.399404366790257,143027.0,Malaysia,Standard Malay,2.296774193548387,2.0644617975674473,18.97664853389943
607,Standard Malay,stan1306,love,152.0,mdp.39015022909470,1992.0,0.0010627364064127,-1.9669793839631755,143027.0,Malaysia,Standard Malay,4.625806451612903,1.3345965249369158,18.97664853389943
608,Standard Malay,stan1306,pleasure,65.0,mdp.39015022909470,1992.0,0.0004544596474791,-2.7821765527494184,143027.0,Malaysia,Standard Malay,3.8967741935483873,1.7880345211098003,18.97664853389943
609,Standard Malay,stan1306,regret,29.0,mdp.39015022909470,1992.0,0.0002027589196445,-0.424849436152602,143027.0,Malaysia,Standard Malay,1.9806451612903226,1.6728192539508784,18.97664853389943
610,Standard Malay,stan1306,relief,34.0,mdp.39015022909470,1992.0,0.000237717354066,0.7384991297496291,143027.0,Malaysia,Standard Malay,3.696774193548387,1.2451161399351893,18.97664853389943
611,Standard Malay,stan1306,sadness,24.0,mdp.39015022909470,1992.0,0.000167800485223,2.18087345857284,143027.0,Malaysia,Standard Malay,2.761290322580645,1.6438941372989924,18.97664853389943
612,Swedish,swed1254,admiration,6.0,mdp.39015052442327,2000.0,5.661071640861615e-05,-1.515039367265443,105987.0,Sweden,Swedish,3.3,1.7742236821171846,14.125949620151939
613,Swedish,swed1254,anger,0.0,mdp.39015052442327,2000.0,0.0,0.0,105987.0,Sweden,Swedish,2.105,1.773934075794013,14.125949620151939
614,Swedish,swed1254,anxiety,22.0,mdp.39015052442327,2000.0,0.0002075726268315,-0.4987715475039925,105987.0,Sweden,Swedish,2.415,1.8210066345039129,14.125949620151939
615,Swedish,swed1254,boredom,4.0,mdp.39015052442327,2000.0,3.77404776057441e-05,0.0195778800938308,105987.0,Sweden,Swedish,2.5725,1.9772499952862936,14.125949620151939
616,Swedish,swed1254,compassion,9.0,mdp.39015052442327,2000.0,8.491607461292422e-05,-1.6701301437528857,105987.0,Sweden,Swedish,4.5375,1.289476880973993,14.125949620151939
617,Swedish,swed1254,confusion,25.0,mdp.39015052442327,2000.0,0.0002358779850359,-1.9789060385835224,105987.0,Sweden,Swedish,1.8175,1.8527751318557422,14.125949620151939
618,Swedish,swed1254,determination,15.0,mdp.39015052442327,2000.0,0.0001415267910215,0.6639377131586024,105987.0,Sweden,Swedish,3.675,1.3744445221109882,14.125949620151939
619,Swedish,swed1254,disgust,10.0,mdp.39015052442327,2000.0,9.435119401436025e-05,-1.6538436511747296,105987.0,Sweden,Swedish,0.7225,1.288271266908821,14.125949620151939
620,Swedish,swed1254,fear,58.0,mdp.39015052442327,2000.0,0.0005472369252832,-3.503415923303927,105987.0,Sweden,Swedish,2.315,1.693500771229641,14.125949620151939
621,Swedish,swed1254,frustration,0.0,mdp.39015052442327,2000.0,0.0,0.0,105987.0,Sweden,Swedish,3.17,1.8356262717459153,14.125949620151939
622,Swedish,swed1254,gratitude,18.0,mdp.39015052442327,2000.0,0.0001698321492258,1.893252433016808,105987.0,Sweden,Swedish,4.13,1.5935647528587857,14.125949620151939
623,Swedish,swed1254,hope,24.0,mdp.39015052442327,2000.0,0.0002264428656344,2.876632376563016,105987.0,Sweden,Swedish,3.3525,1.3993352342252952,14.125949620151939
624,Swedish,swed1254,loneliness,3.0,mdp.39015052442327,2000.0,2.8305358204308077e-05,-0.8177699634778772,105987.0,Sweden,Swedish,2.14,1.990050439531546,14.125949620151939
625,Swedish,swed1254,love,0.0,mdp.39015052442327,2000.0,0.0,0.0,105987.0,Sweden,Swedish,4.3525,1.5079550959589514,14.125949620151939
626,Swedish,swed1254,pleasure,64.0,mdp.39015052442327,2000.0,0.0006038476416919,-0.5393313831922747,105987.0,Sweden,Swedish,3.585,1.5094605585919967,14.125949620151939
627,Swedish,swed1254,regret,36.0,mdp.39015052442327,2000.0,0.0003396642984516,2.5701032933653094,105987.0,Sweden,Swedish,1.355889724310777,1.5232401157139592,14.125949620151939
628,Swedish,swed1254,relief,0.0,mdp.39015052442327,2000.0,0.0,0.0,105987.0,Sweden,Swedish,2.145363408521303,1.4950243458680206,14.125949620151939
629,Swedish,swed1254,sadness,5.0,mdp.39015052442327,2000.0,4.717559700718012e-05,-1.712069391604372,105987.0,Sweden,Swedish,2.68,1.7735455052374234,14.125949620151939
630,Turkish,nucl1301,admiration,10.0,coo.31924067983704,1991.0,8.218682709535316e-05,-0.8549860217428203,121674.0,Turkey,Turkish,2.0278884462151394,1.7604599181764908,18.84081759058532
631,Turkish,nucl1301,anger,85.0,coo.31924067983704,1991.0,0.0006985880303105,0.5795158465050135,121674.0,Turkey,Turkish,3.46,1.8714725855737822,18.84081759058532
632,Turkish,nucl1301,anxiety,77.0,coo.31924067983704,1991.0,0.0006328385686342,8.633841064520727,121674.0,Turkey,Turkish,3.1507936507936507,1.8620447156251154,18.84081759058532
633,Turkish,nucl1301,boredom,11.0,coo.31924067983704,1991.0,9.040550980488848e-05,2.5829140321015824,121674.0,Turkey,Turkish,3.5296442687747036,1.8803787063520847,18.84081759058532
634,Turkish,nucl1301,compassion,33.0,coo.31924067983704,1991.0,0.0002712165294146,3.2500084131676084,121674.0,Turkey,Turkish,3.9563492063492065,1.6271107545122934,18.84081759058532
635,Turkish,nucl1301,confusion,94.0,coo.31924067983704,1991.0,0.0007725561746963,7.493958206094938,121674.0,Turkey,Turkish,3.264,1.8676876152377435,18.84081759058532
636,Turkish,nucl1301,determination,16.0,coo.31924067983704,1991.0,0.0001314989233525,0.3694434122049114,121674.0,Turkey,Turkish,3.804780876494024,1.5613254150857951,18.84081759058532
637,Turkish,nucl1301,disgust,36.0,coo.31924067983704,1991.0,0.0002958725775432,3.504330144800302,121674.0,Turkey,Turkish,1.7738095238095237,1.9557934602589826,18.84081759058532
638,Turkish,nucl1301,fear,126.0,coo.31924067983704,1991.0,0.0010355540214014,1.952544770652312,121674.0,Turkey,Turkish,2.9486166007905137,1.8922691675397918,18.84081759058532
639,Turkish,nucl1301,frustration,7.0,coo.31924067983704,1991.0,5.753077896674721e-05,0.9676925721527966,121674.0,Turkey,Turkish,2.8814229249011856,1.9764914880086826,18.84081759058532
640,Turkish,nucl1301,gratitude,23.0,coo.31924067983704,1991.0,0.0001890297023193,2.599227795811728,121674.0,Turkey,Turkish,2.8458498023715415,1.9609158678646097,18.84081759058532
641,Turkish,nucl1301,hope,14.0,coo.31924067983704,1991.0,0.0001150615579334,-0.2774024239721951,121674.0,Turkey,Turkish,3.5179282868525896,1.6305450900961482,18.84081759058532
642,Turkish,nucl1301,loneliness,5.0,coo.31924067983704,1991.0,4.109341354767658e-05,-0.3443961604533707,121674.0,Turkey,Turkish,2.494071146245059,2.0424474762722347,18.84081759058532
643,Turkish,nucl1301,love,227.0,coo.31924067983704,1991.0,0.0018656409750645,5.939331620244146,121674.0,Turkey,Turkish,4.387351778656127,1.403000647268882,18.84081759058532
644,Turkish,nucl1301,pleasure,107.0,coo.31924067983704,1991.0,0.0008793990499202,3.1533271558029283,121674.0,Turkey,Turkish,3.0836653386454183,1.6434634500206524,18.84081759058532
645,Turkish,nucl1301,regret,41.0,coo.31924067983704,1991.0,0.0003369659910909,2.670961735514028,121674.0,Turkey,Turkish,1.768,1.7885669927487209,18.84081759058532
646,Turkish,nucl1301,relief,23.0,coo.31924067983704,1991.0,0.0001890297023193,-0.4816764885473922,121674.0,Turkey,Turkish,2.541832669322709,1.687970090934211,18.84081759058532
647,Turkish,nucl1301,sadness,18.0,coo.31924067983704,1991.0,0.0001479362887716,1.3773395607143204,121674.0,Turkey,Turkish,3.5753968253968256,1.6813571878981144,18.84081759058532
648,Ukrainian,ukra1253,admiration,5.0,uc1.l0070891726,1962.0,8.809951721464566e-05,-0.4224500225184698,56754.0,Ukraine,Ukrainian,2.8564885496183208,1.6444280507718552,8.88169014084507
649,Ukrainian,ukra1253,anger,24.0,uc1.l0070891726,1962.0,0.0004228776826302,-2.40673615401555,56754.0,Ukraine,Ukrainian,2.9939024390243905,1.8368474527061656,8.88169014084507
650,Ukrainian,ukra1253,anxiety,11.0,uc1.l0070891726,1962.0,0.0001938189378722,-0.6931221486766175,56754.0,Ukraine,Ukrainian,3.2313546423135464,1.902675464797394,8.88169014084507
651,Ukrainian,ukra1253,boredom,5.0,uc1.l0070891726,1962.0,8.809951721464566e-05,1.8244686181408185,56754.0,Ukraine,Ukrainian,2.471841704718417,1.9505037934018847,8.88169014084507
652,Ukrainian,ukra1253,compassion,8.0,uc1.l0070891726,1962.0,0.0001409592275434,-0.2375898307080071,56754.0,Ukraine,Ukrainian,3.576219512195122,1.5164185530639973,8.88169014084507
653,Ukrainian,ukra1253,confusion,22.0,uc1.l0070891726,1962.0,0.0003876378757444,0.2092385363192178,56754.0,Ukraine,Ukrainian,2.5746951219512195,1.890248151657977,8.88169014084507
654,Ukrainian,ukra1253,determination,1.0,uc1.l0070891726,1962.0,1.7619903442929133e-05,-1.9214668655695823,56754.0,Ukraine,Ukrainian,3.26027397260274,1.528436327673293,8.88169014084507
655,Ukrainian,ukra1253,disgust,7.0,uc1.l0070891726,1962.0,0.0001233393241005,-0.743132373510247,56754.0,Ukraine,Ukrainian,1.730593607305936,1.841805793242068,8.88169014084507
656,Ukrainian,ukra1253,fear,33.0,uc1.l0070891726,1962.0,0.0005814568136166,-2.6407158904597923,56754.0,Ukraine,Ukrainian,2.393292682926829,1.827913542898786,8.88169014084507
657,Ukrainian,ukra1253,frustration,1.0,uc1.l0070891726,1962.0,1.7619903442929133e-05,-0.4977661016677658,56754.0,Ukraine,Ukrainian,2.9360730593607305,1.930703093092924,8.88169014084507
658,Ukrainian,ukra1253,gratitude,7.0,uc1.l0070891726,1962.0,0.0001233393241005,0.3517529007539375,56754.0,Ukraine,Ukrainian,3.4070121951219514,1.6970237727702095,8.88169014084507
659,Ukrainian,ukra1253,hope,4.0,uc1.l0070891726,1962.0,7.047961377171653e-05,-1.0701653618469555,56754.0,Ukraine,Ukrainian,3.3597560975609757,1.635996584934383,8.88169014084507
660,Ukrainian,ukra1253,loneliness,2.0,uc1.l0070891726,1962.0,3.5239806885858265e-05,-0.2463334263271251,56754.0,Ukraine,Ukrainian,2.1814024390243905,1.950303601245767,8.88169014084507
661,Ukrainian,ukra1253,love,69.0,uc1.l0070891726,1962.0,0.0012157733375621,-0.7994869398713224,56754.0,Ukraine,Ukrainian,3.8445121951219514,1.7050174022090754,8.88169014084507
662,Ukrainian,ukra1253,pleasure,16.0,uc1.l0070891726,1962.0,0.0002819184550868,-3.5197038412545414,56754.0,Ukraine,Ukrainian,3.7526717557251907,1.6954394775574764,8.88169014084507
663,Ukrainian,ukra1253,regret,14.0,uc1.l0070891726,1962.0,0.000246678648201,0.2891728287588985,56754.0,Ukraine,Ukrainian,2.705792682926829,1.814369273120578,8.88169014084507
664,Ukrainian,ukra1253,relief,12.0,uc1.l0070891726,1962.0,0.0002114388413151,-0.0718054944683825,56754.0,Ukraine,Ukrainian,2.1704718417047184,1.5612041718015022,8.88169014084507
665,Ukrainian,ukra1253,sadness,7.0,uc1.l0070891726,1962.0,0.0001233393241005,0.4042041527593744,56754.0,Ukraine,Ukrainian,3.169465648854962,1.8491213356706095,8.88169014084507
666,Vietnamese,viet1252,admiration,70.0,uc1.31210024487306,2003.0,0.0002598694712769,7.077670041927676,269366.0,Vietnam,Vietnamese,4.219178082191781,1.7468406461643387,34.61842950777535
667,Vietnamese,viet1252,anger,211.0,uc1.31210024487306,2003.0,0.0007833208348492,2.9374847310868373,269366.0,Vietnam,Vietnamese,1.852233676975945,1.7990860209350803,34.61842950777535
668,Vietnamese,viet1252,anxiety,74.0,uc1.31210024487306,2003.0,0.0002747191553499,1.540272205530247,269366.0,Vietnam,Vietnamese,2.5684931506849313,1.7046833981491798,34.61842950777535
669,Vietnamese,viet1252,boredom,17.0,uc1.31210024487306,2003.0,6.311115731012822e-05,1.6497640842964163,269366.0,Vietnam,Vietnamese,2.2773972602739727,1.9394005007019697,34.61842950777535
670,Vietnamese,viet1252,compassion,9.0,uc1.31210024487306,2003.0,3.341178916418553e-05,-4.513714866793073,269366.0,Vietnam,Vietnamese,3.872852233676976,1.7794764172275876,34.61842950777535
671,Vietnamese,viet1252,confusion,51.0,uc1.31210024487306,2003.0,0.0001893334719303,-4.284394952787989,269366.0,Vietnam,Vietnamese,1.9417808219178083,1.7972968189967828,34.61842950777535
672,Vietnamese,viet1252,determination,63.0,uc1.31210024487306,2003.0,0.0002338825241492,5.201557595481557,269366.0,Vietnam,Vietnamese,4.096219931271477,1.5078025137361195,34.61842950777535
673,Vietnamese,viet1252,disgust,60.0,uc1.31210024487306,2003.0,0.0002227452610945,2.449162333741401,269366.0,Vietnam,Vietnamese,0.9212328767123288,1.4936156874747717,34.61842950777535
674,Vietnamese,viet1252,fear,258.0,uc1.31210024487306,2003.0,0.0009578046227066,1.9830351746702524,269366.0,Vietnam,Vietnamese,1.6883561643835616,1.6874719404147003,34.61842950777535
675,Vietnamese,viet1252,frustration,5.0,uc1.31210024487306,2003.0,1.8562105091214183e-05,-1.73150525972923,269366.0,Vietnam,Vietnamese,2.441780821917808,1.9013562476984318,34.61842950777535
676,Vietnamese,viet1252,gratitude,28.0,uc1.31210024487306,2003.0,0.0001039477885107,-0.2250168736433743,269366.0,Vietnam,Vietnamese,4.647260273972603,1.495316638558683,34.61842950777535
677,Vietnamese,viet1252,hope,61.0,uc1.31210024487306,2003.0,0.0002264576821128,4.587102843616013,269366.0,Vietnam,Vietnamese,4.56701030927835,1.3434942846907842,34.61842950777535
678,Vietnamese,viet1252,loneliness,3.0,uc1.31210024487306,2003.0,1.1137263054728513e-05,-2.616062252343361,269366.0,Vietnam,Vietnamese,1.8595890410958904,1.9646735348585653,34.61842950777535
679,Vietnamese,viet1252,love,308.0,uc1.31210024487306,2003.0,0.0011434256736187,-1.1382912099265412,269366.0,Vietnam,Vietnamese,4.786941580756014,1.311475055314951,34.61842950777535
680,Vietnamese,viet1252,pleasure,216.0,uc1.31210024487306,2003.0,0.0008018829399404,3.511485088839597,269366.0,Vietnam,Vietnamese,2.8321917808219177,1.8857189804049173,34.61842950777535
681,Vietnamese,viet1252,regret,59.0,uc1.31210024487306,2003.0,0.0002190328400763,0.0528662771659231,269366.0,Vietnam,Vietnamese,1.5342465753424657,1.7097431874905547,34.61842950777535
682,Vietnamese,viet1252,relief,74.0,uc1.31210024487306,2003.0,0.0002747191553499,2.4047582235688463,269366.0,Vietnam,Vietnamese,3.1993127147766325,1.720505000586942,34.61842950777535
683,Vietnamese,viet1252,sadness,51.0,uc1.31210024487306,2003.0,0.0001893334719303,4.0280920228166215,269366.0,Vietnam,Vietnamese,2.047945205479452,1.8419778395106738,34.61842950777535
